
CREATE TABLE `app_user_log` (
  `log_id` bigint NOT NULL,
  `created_on` datetime DEFAULT NULL,
  `generate_log` varchar(255) DEFAULT NULL,
  `log_file_name` varchar(255) DEFAULT NULL,
  `log_level` varchar(255) DEFAULT NULL,
  `user_name` varchar(255) DEFAULT NULL,
  PRIMARY KEY (`log_id`),
  UNIQUE KEY `UK_tl3or0c0pxxdvigxponlgee18` (`user_name`)
) ENGINE=InnoDB DEFAULT CHARSET=utf8mb4 COLLATE=utf8mb4_0900_ai_ci;
/*!40101 SET character_set_client = @saved_cs_client */;

--
-- Dumping data for table `app_user_log`
--

LOCK TABLES `app_user_log` WRITE;
/*!40000 ALTER TABLE `app_user_log` DISABLE KEYS */;
/*!40000 ALTER TABLE `app_user_log` ENABLE KEYS */;
UNLOCK TABLES;

--
-- Table structure for table `password_reset_token`
--

DROP TABLE IF EXISTS `password_reset_token`;
/*!40101 SET @saved_cs_client     = @@character_set_client */;
/*!50503 SET character_set_client = utf8mb4 */;
CREATE TABLE `password_reset_token` (
  `id` bigint NOT NULL,
  `expiry_date` datetime DEFAULT NULL,
  `token` varchar(255) DEFAULT NULL,
  `user_user_id` bigint DEFAULT NULL,
  PRIMARY KEY (`id`),
  KEY `FK4rtktv88xrvfli5jx9yst5arn` (`user_user_id`),
  CONSTRAINT `FK4rtktv88xrvfli5jx9yst5arn` FOREIGN KEY (`user_user_id`) REFERENCES `sec_users` (`user_id`)
) ENGINE=InnoDB DEFAULT CHARSET=utf8mb4 COLLATE=utf8mb4_0900_ai_ci;
/*!40101 SET character_set_client = @saved_cs_client */;

--
-- Dumping data for table `password_reset_token`
--

LOCK TABLES `password_reset_token` WRITE;
/*!40000 ALTER TABLE `password_reset_token` DISABLE KEYS */;
/*!40000 ALTER TABLE `password_reset_token` ENABLE KEYS */;
UNLOCK TABLES;

--
-- Table structure for table `role`
--

DROP TABLE IF EXISTS `role`;
/*!40101 SET @saved_cs_client     = @@character_set_client */;
/*!50503 SET character_set_client = utf8mb4 */;
CREATE TABLE `role` (
  `id` bigint NOT NULL AUTO_INCREMENT,
  `description` varchar(255) DEFAULT NULL,
  `name` varchar(255) DEFAULT NULL,
  PRIMARY KEY (`id`)
) ENGINE=InnoDB AUTO_INCREMENT=6 DEFAULT CHARSET=utf8mb4 COLLATE=utf8mb4_0900_ai_ci;
/*!40101 SET character_set_client = @saved_cs_client */;

--
-- Dumping data for table `role`
--

LOCK TABLES `role` WRITE;
/*!40000 ALTER TABLE `role` DISABLE KEYS */;
INSERT INTO `role` VALUES (1,NULL,'ROLE_Developer'),(2,'web','web developer'),(3,'front','frontend developer'),(4,'back','backend developer'),(5,'dev','devops ');
/*!40000 ALTER TABLE `role` ENABLE KEYS */;
UNLOCK TABLES;

--
-- Table structure for table `sec_grp_menu_access`
--

DROP TABLE IF EXISTS `sec_grp_menu_access`;
/*!40101 SET @saved_cs_client     = @@character_set_client */;
/*!50503 SET character_set_client = utf8mb4 */;
CREATE TABLE `sec_grp_menu_access` (
  `menu_item_id` bigint NOT NULL,
  `usr_grp` bigint NOT NULL,
  `createby` varchar(255) DEFAULT NULL,
  `created_at` datetime DEFAULT NULL,
  `isdisable` varchar(255) DEFAULT NULL,
  `item_seq` bigint DEFAULT NULL,
  `m_create` varchar(255) DEFAULT NULL,
  `m_delete` varchar(255) DEFAULT NULL,
  `m_edit` varchar(255) DEFAULT NULL,
  `m_query` varchar(255) DEFAULT NULL,
  `m_visible` varchar(255) DEFAULT NULL,
  `main_menu_action_name` varchar(255) DEFAULT NULL,
  `main_menu_icon_name` varchar(255) DEFAULT NULL,
  `menu_id` bigint DEFAULT NULL,
  `menu_item_desc` varchar(255) DEFAULT NULL,
  `mexport` varchar(255) DEFAULT NULL,
  `module_name` varchar(255) DEFAULT NULL,
  `status` varchar(255) DEFAULT NULL,
  `updateby` varchar(255) DEFAULT NULL,
  `updated_at` datetime DEFAULT NULL,
  PRIMARY KEY (`menu_item_id`,`usr_grp`),
  KEY `FKtj8mtsrhc4m4acbrvjnnyvglm` (`usr_grp`),
  CONSTRAINT `FKmkev6w9umgp6fg2afatibhq1x` FOREIGN KEY (`menu_item_id`) REFERENCES `sec_menu_det` (`menu_item_id`),
  CONSTRAINT `FKtj8mtsrhc4m4acbrvjnnyvglm` FOREIGN KEY (`usr_grp`) REFERENCES `sec_user_group` (`usr_grp`) ON DELETE CASCADE
) ENGINE=InnoDB DEFAULT CHARSET=utf8mb4 COLLATE=utf8mb4_0900_ai_ci;
/*!40101 SET character_set_client = @saved_cs_client */;

--
-- Dumping data for table `sec_grp_menu_access`
--

LOCK TABLES `sec_grp_menu_access` WRITE;
/*!40000 ALTER TABLE `sec_grp_menu_access` DISABLE KEYS */;
INSERT INTO `sec_grp_menu_access` VALUES (1116,1,NULL,'2023-02-04 17:32:03','true',3000,'true','true','true','true','true','security','lock',0,'Security','true','sec3000','Enable',NULL,'2023-02-04 17:32:03'),(1117,1,NULL,'2023-02-04 17:32:03','true',3010,'true','true','true','true','true','usermaintance',NULL,1116,'User Maintance','true','U1000','Enable',NULL,'2023-02-04 17:32:03'),(1118,1,NULL,'2023-02-04 17:32:04','true',3020,'true','true','true','true','true','usergrpmaintance',NULL,1116,'User Group Maintance','true','U2000','Enable',NULL,'2023-02-04 17:32:04'),(1523,1,NULL,'2023-02-04 17:32:04','true',3030,'true','true','true','true','true','menumaintance',NULL,1116,'Menu Maintance','true','M3000','Enable',NULL,'2023-02-04 17:32:04'),(1524,1,NULL,'2023-02-04 17:32:04','true',3040,'true','true','true','true','true','menuaccess',NULL,1116,'Menu Access Control','true','MA4000','Enable',NULL,'2023-02-04 17:32:04'),(1525,1,NULL,'2023-02-04 17:32:04','true',3050,'true','true','true','true','true','systemparameters',NULL,1116,'System Parameters','true','SP5000','Enable',NULL,'2023-02-04 17:32:04'),(1526,1,NULL,'2023-02-04 17:32:04','true',3060,'true','true','true','true','true','accesstype',NULL,1116,'Access Type','true','A6000','Enable',NULL,'2023-02-04 17:32:04'),(1527,1,NULL,'2023-02-10 10:07:57','true',1000,'true','true','true','true','true','incidents','incident',0,'Incidents','true','I1000','Enable',NULL,'2023-02-10 10:07:57'),(1527,41,NULL,'2023-04-18 15:51:51','true',1000,'true','true','true','true','true','incidents','incident',0,'Incidents','true','I1000','Enable',NULL,'2023-04-18 15:51:51'),(1528,1,NULL,'2023-02-10 10:07:58','true',1010,'true','true','true','true','true','incident-new',NULL,1527,'Incident','true','I1000','Enable',NULL,'2023-02-10 10:07:58'),(1528,41,NULL,'2023-04-18 15:51:55','true',1010,'true','true','true','true','true','incident-new',NULL,1527,'Incident','true','I1000','Enable',NULL,'2023-04-18 15:51:55'),(1529,1,NULL,'2023-02-10 10:07:59','true',1020,'true','true','true','true','true','incident-overview',NULL,1527,'Overview','true','O2000','Enable',NULL,'2023-02-10 10:07:59'),(1529,41,NULL,'2023-04-18 15:51:57','true',1020,'true','true','true','true','true','incident-overview',NULL,1527,'Overview','true','O2000','Enable',NULL,'2023-04-18 15:51:57'),(1530,1,NULL,'2023-02-10 10:07:59','true',1030,'true','true','true','true','true','sureboard2',NULL,1527,'Issueboard','true','I3000','Enable',NULL,'2023-02-10 10:07:59'),(1530,41,NULL,'2023-04-18 15:52:00','true',1030,'true','true','true','true','true','sureboard2',NULL,1527,'Issueboard','true','I3000','Enable',NULL,'2023-04-18 15:52:00'),(1531,1,NULL,'2023-02-10 10:07:59','true',1040,'true','true','true','true','true','change-request',NULL,1527,'Change Request','true','C4000','Enable',NULL,'2023-02-10 10:07:59'),(1531,41,NULL,'2023-04-18 15:52:03','true',1040,'true','true','true','true','true','change-request',NULL,1527,'Change Request','true','C4000','Enable',NULL,'2023-04-18 15:52:03'),(1532,1,NULL,'2023-02-10 10:07:59','true',1050,'true','true','true','true','true','problem-creation',NULL,1527,'Problem Request','true','P5000','Enable',NULL,'2023-02-10 10:07:59'),(1532,41,NULL,'2023-04-18 15:52:07','true',1050,'true','true','true','true','true','problem-creation',NULL,1527,'Problem Request','true','P5000','Enable',NULL,'2023-04-18 15:52:07'),(1533,1,NULL,'2023-03-01 06:11:23','true',2000,'true','true','true','true','true','master','users',0,'Masters','true','M2000','Enable',NULL,'2023-03-01 06:11:23'),(1534,1,NULL,'2023-03-01 06:11:23','true',2010,'true','true','true','true','true','Sr_priority2_t',NULL,1533,'Priority','true','P1000','Enable',NULL,'2023-03-01 06:11:23'),(1535,1,NULL,'2023-03-01 06:11:23','true',2020,'true','true','true','true','true','Sr_urgency_t',NULL,1533,'Urgency','true','Su2000','Enable',NULL,'2023-03-01 06:11:23'),(1536,1,NULL,'2023-03-01 06:11:23','true',2030,'true','true','true','true','true','Sr_impact2_t',NULL,1533,'Impact','true','Sm3000','Enable',NULL,'2023-03-01 06:11:23'),(1537,1,NULL,'2023-03-01 06:11:23','true',2040,'true','true','true','true','true','Sr_category2_t',NULL,1533,'Category','true','Sc4000','Enable',NULL,'2023-03-01 06:11:23'),(1538,1,NULL,'2023-03-01 06:11:23','true',2050,'true','true','true','true','true','Sr_State_t',NULL,1533,'State','true','S5000','Enable',NULL,'2023-03-01 06:11:23'),(1539,1,NULL,'2023-03-01 06:11:23','true',2070,'true','true','true','true','true','Sr_customer_t',NULL,1533,'Customer','true','c7000','Enable',NULL,'2023-03-01 06:11:23'),(1540,1,NULL,'2023-03-01 06:11:23','true',2060,'true','true','true','true','true','Sr_Contact_type_t',NULL,1533,'Contact','true','C6000','Enable',NULL,'2023-03-01 06:11:23'),(1541,1,NULL,'2023-03-01 06:11:23','true',2080,'true','true','true','true','true','Sr_handler_t',NULL,1533,'Handler','true','H8000','Enable',NULL,'2023-03-01 06:11:23'),(1542,1,NULL,'2023-02-16 11:01:03','true',4000,'true','true','true','true','true','admin','user',0,'Admin','true','se4000','Enable',NULL,'2023-02-16 11:01:03'),(1543,1,NULL,'2023-02-16 11:01:03','true',4010,'true','true','true','true','true','sequence',NULL,1542,'Define Sequence','true','SE1000','Enable',NULL,'2023-02-16 11:01:03'),(1544,1,NULL,'2023-02-16 11:01:03','true',4020,'true','true','true','true','true','bugtracker',NULL,1542,'Bug Tracker','true','B1000','Enable',NULL,'2023-02-16 11:01:03'),(1545,1,NULL,'2023-02-16 11:01:04','true',4030,'true','true','true','true','true','datamanagemennt',NULL,1542,'Data Management','true','M3000','Enable',NULL,'2023-02-16 11:01:04'),(1550,1,NULL,'2023-03-01 06:11:23','true',2090,'true','true','true','true','true','projects',NULL,1533,'Projects','true','P2000','Enable',NULL,'2023-03-01 06:11:23'),(1551,1,NULL,'2023-04-18 16:22:41','true',4040,'true','true','true','true','true','applysequence',NULL,1542,'Apply Sequence','true','As3000','Enable',NULL,'2023-04-18 16:22:41');
/*!40000 ALTER TABLE `sec_grp_menu_access` ENABLE KEYS */;
UNLOCK TABLES;

--
-- Table structure for table `sec_menu_det`
--

DROP TABLE IF EXISTS `sec_menu_det`;
/*!40101 SET @saved_cs_client     = @@character_set_client */;
/*!50503 SET character_set_client = utf8mb4 */;
CREATE TABLE `sec_menu_det` (
  `menu_item_id` bigint NOT NULL,
  `created_at` datetime NOT NULL,
  `updated_at` datetime NOT NULL,
  `item_seq` bigint DEFAULT NULL,
  `main_menu_action_name` varchar(255) DEFAULT NULL,
  `main_menu_icon_name` varchar(255) DEFAULT NULL,
  `menu_id` bigint DEFAULT NULL,
  `menu_item_desc` varchar(255) DEFAULT NULL,
  `module_name` varchar(255) DEFAULT NULL,
  `status` varchar(255) DEFAULT NULL,
  PRIMARY KEY (`menu_item_id`)
) ENGINE=InnoDB DEFAULT CHARSET=utf8mb4 COLLATE=utf8mb4_0900_ai_ci;
/*!40101 SET character_set_client = @saved_cs_client */;

--
-- Dumping data for table `sec_menu_det`
--

LOCK TABLES `sec_menu_det` WRITE;
/*!40000 ALTER TABLE `sec_menu_det` DISABLE KEYS */;
INSERT INTO `sec_menu_det` VALUES (1116,'2023-01-25 10:25:50','2023-01-25 10:25:50',3000,'security','lock',0,'Security','sec3000','Enable'),(1117,'2023-01-25 10:42:02','2023-02-04 15:34:25',3010,'usermaintance',NULL,1116,'User Maintance','U1000','Enable'),(1118,'2023-01-25 11:12:27','2023-02-04 15:34:36',3020,'usergrpmaintance',NULL,1116,'User Group Maintance','U2000','Enable'),(1523,'2023-02-04 11:15:57','2023-02-04 15:34:45',3030,'menumaintance',NULL,1116,'Menu Maintance','M3000','Enable'),(1524,'2023-02-04 11:16:52','2023-02-04 15:34:54',3040,'menuaccess',NULL,1116,'Menu Access Control','MA4000','Enable'),(1525,'2023-02-04 11:17:31','2023-02-04 15:35:06',3050,'systemparameters',NULL,1116,'System Parameters','SP5000','Enable'),(1526,'2023-02-04 11:18:04','2023-02-04 15:35:14',3060,'accesstype',NULL,1116,'Access Type','A6000','Enable'),(1527,'2023-02-04 13:25:11','2023-02-04 13:25:11',1000,'incidents','incident',0,'Incidents','I1000','Enable'),(1528,'2023-02-04 13:31:48','2023-02-04 15:33:02',1010,'incident-new',NULL,1527,'Incident','I1000','Enable'),(1529,'2023-02-04 13:33:03','2023-02-04 15:33:12',1020,'incident-overview',NULL,1527,'Overview','O2000','Enable'),(1530,'2023-02-04 13:34:42','2023-02-04 15:33:21',1030,'sureboard2',NULL,1527,'Issueboard','I3000','Enable'),(1531,'2023-02-04 13:35:27','2023-02-04 15:33:36',1040,'change-request',NULL,1527,'Change Request','C4000','Enable'),(1532,'2023-02-04 13:36:01','2023-02-10 02:25:13',1050,'problem-creation',NULL,1527,'Problem Request','P5000','Enable'),(1533,'2023-02-04 13:55:32','2023-02-04 13:55:32',2000,'master','users',0,'Masters','M2000','Enable'),(1534,'2023-02-04 13:56:22','2023-02-04 15:34:07',2010,'Sr_priority2_t',NULL,1533,'Priority','P1000','Enable'),(1535,'2023-02-04 17:12:27','2023-02-04 17:12:27',2020,'Sr_urgency_t',NULL,1533,'Urgency','Su2000','Enable'),(1536,'2023-02-04 17:13:22','2023-02-04 17:13:22',2030,'Sr_impact2_t',NULL,1533,'Impact','Sm3000','Enable'),(1537,'2023-02-04 17:14:01','2023-02-04 17:14:01',2040,'Sr_category2_t',NULL,1533,'Category','Sc4000','Enable'),(1538,'2023-02-04 17:14:31','2023-02-04 17:14:31',2050,'Sr_State_t',NULL,1533,'State','S5000','Enable'),(1539,'2023-02-04 17:15:12','2023-02-09 13:25:27',2070,'Sr_customer_t',NULL,1533,'Customer','c7000','Enable'),(1540,'2023-02-04 17:16:23','2023-02-14 13:15:27',2060,'Sr_Contact_type_t',NULL,1533,'Contact','C6000','Enable'),(1541,'2023-02-04 17:17:22','2023-02-04 17:17:22',2080,'Sr_handler_t',NULL,1533,'Handler','H8000','Enable'),(1542,'2023-02-08 15:06:20','2023-02-08 15:06:20',4000,'admin','user',0,'Admin','se4000','Enable'),(1543,'2023-02-08 15:07:14','2023-03-01 05:51:41',4010,'sequence',NULL,1542,'Define Sequence','SE1000','Enable'),(1544,'2023-02-16 10:14:33','2023-02-16 10:14:33',4020,'bugtracker',NULL,1542,'Bug Tracker','B1000','Enable'),(1545,'2023-02-16 11:00:25','2023-02-16 11:00:25',4030,'datamanagemennt',NULL,1542,'Data Management','M3000','Enable'),(1550,'2023-03-01 06:10:35','2023-03-01 06:10:35',2090,'projects',NULL,1533,'Projects','P2000','Enable'),(1551,'2023-03-01 07:14:27','2023-03-01 07:14:27',4040,'applysequence',NULL,1542,'Apply Sequence','As3000','Enable'),(1553,'2023-04-18 14:12:24','2023-04-18 14:12:56',5000,'T1',NULL,1542,'T1','T1','Enable');
/*!40000 ALTER TABLE `sec_menu_det` ENABLE KEYS */;
UNLOCK TABLES;

--
-- Table structure for table `sec_type`
--

DROP TABLE IF EXISTS `sec_type`;
/*!40101 SET @saved_cs_client     = @@character_set_client */;
/*!50503 SET character_set_client = utf8mb4 */;
CREATE TABLE `sec_type` (
  `id` int NOT NULL,
  `description` varchar(255) DEFAULT NULL,
  `name` varchar(255) DEFAULT NULL,
  PRIMARY KEY (`id`)
) ENGINE=InnoDB DEFAULT CHARSET=utf8mb4 COLLATE=utf8mb4_0900_ai_ci;
/*!40101 SET character_set_client = @saved_cs_client */;

--
-- Dumping data for table `sec_type`
--

LOCK TABLES `sec_type` WRITE;
/*!40000 ALTER TABLE `sec_type` DISABLE KEYS */;
/*!40000 ALTER TABLE `sec_type` ENABLE KEYS */;
UNLOCK TABLES;

--
-- Table structure for table `sec_user_group`
--

DROP TABLE IF EXISTS `sec_user_group`;
/*!40101 SET @saved_cs_client     = @@character_set_client */;
/*!50503 SET character_set_client = utf8mb4 */;
CREATE TABLE `sec_user_group` (
  `usr_grp` bigint NOT NULL,
  `createby` varchar(255) DEFAULT NULL,
  `createdate` datetime DEFAULT NULL,
  `group_desc` varchar(255) DEFAULT NULL,
  `group_level` bigint DEFAULT NULL,
  `group_name` varchar(255) DEFAULT NULL,
  `status` varchar(255) DEFAULT NULL,
  `updateby` varchar(255) DEFAULT NULL,
  `updatedate` datetime DEFAULT NULL,
  PRIMARY KEY (`usr_grp`)
) ENGINE=InnoDB DEFAULT CHARSET=utf8mb4 COLLATE=utf8mb4_0900_ai_ci;
/*!40101 SET character_set_client = @saved_cs_client */;

--
-- Dumping data for table `sec_user_group`
--

LOCK TABLES `sec_user_group` WRITE;
/*!40000 ALTER TABLE `sec_user_group` DISABLE KEYS */;
INSERT INTO `sec_user_group` VALUES (1,NULL,NULL,'add',30,'sysadmin','E',NULL,'2023-03-01 05:54:10'),(41,NULL,'2023-02-28 13:05:54','check',20,'users','Disable',NULL,'2023-02-28 13:30:14');
/*!40000 ALTER TABLE `sec_user_group` ENABLE KEYS */;
UNLOCK TABLES;

--
-- Table structure for table `sec_user_group_id`
--

DROP TABLE IF EXISTS `sec_user_group_id`;
/*!40101 SET @saved_cs_client     = @@character_set_client */;
/*!50503 SET character_set_client = utf8mb4 */;
CREATE TABLE `sec_user_group_id` (
  `next_val` bigint DEFAULT NULL
) ENGINE=InnoDB DEFAULT CHARSET=utf8mb4 COLLATE=utf8mb4_0900_ai_ci;
/*!40101 SET character_set_client = @saved_cs_client */;

--
-- Dumping data for table `sec_user_group_id`
--

LOCK TABLES `sec_user_group_id` WRITE;
/*!40000 ALTER TABLE `sec_user_group_id` DISABLE KEYS */;
INSERT INTO `sec_user_group_id` VALUES (59),(59),(40),(40),(40),(40);
/*!40000 ALTER TABLE `sec_user_group_id` ENABLE KEYS */;
UNLOCK TABLES;

--
-- Table structure for table `sec_user_sessions`
--

DROP TABLE IF EXISTS `sec_user_sessions`;
/*!40101 SET @saved_cs_client     = @@character_set_client */;
/*!50503 SET character_set_client = utf8mb4 */;
CREATE TABLE `sec_user_sessions` (
  `client_ip` varchar(255) NOT NULL,
  `session_id` varchar(255) NOT NULL,
  `user_id` bigint NOT NULL,
  `last_access_date` datetime DEFAULT NULL,
  PRIMARY KEY (`client_ip`,`session_id`,`user_id`),
  KEY `FKp9jm02b501ugvjvfhas5sskfq` (`user_id`),
  CONSTRAINT `FKp9jm02b501ugvjvfhas5sskfq` FOREIGN KEY (`user_id`) REFERENCES `sec_users` (`user_id`)
) ENGINE=InnoDB DEFAULT CHARSET=utf8mb4 COLLATE=utf8mb4_0900_ai_ci;
/*!40101 SET character_set_client = @saved_cs_client */;

--
-- Dumping data for table `sec_user_sessions`
--

LOCK TABLES `sec_user_sessions` WRITE;
/*!40000 ALTER TABLE `sec_user_sessions` DISABLE KEYS */;
INSERT INTO `sec_user_sessions` VALUES ('10.244.0.0','00DA27B83BD05496302A6FE89196D35D',10007304,'2023-02-09 04:16:22'),('10.244.0.0','01C6D31F93F0EB2008755455951BFCE3',10007304,'2023-02-09 04:24:40'),('10.244.0.0','01F3C40A4E4F679427F1A77E6CCA96BD',10007304,'2023-01-23 09:22:51'),('10.244.0.0','07955ABB453B8F78E48098ACB2CCA3B4',10007304,'2023-01-07 05:18:31'),('10.244.0.0','07FC7AA4A44DAF847DACD2ADF00E21D0',10007304,'2023-03-02 07:02:35'),('10.244.0.0','097910BB627E1B076F5EB532B6DF56F6',10007304,'2023-02-20 07:15:09'),('10.244.0.0','09A12677690FCDD1DFE3AE75B357D5FA',10007304,'2023-01-27 12:59:00'),('10.244.0.0','0B30FE6A7E3EC275FB942EF1AC77959C',10007304,'2023-02-27 04:31:59'),('10.244.0.0','0DBA11EAE43B527CFF0B2C8714E6FCBC',10007304,'2023-02-27 05:18:07'),('10.244.0.0','0E0DD3C09635D1512642C6A8DC777399',10007304,'2023-01-04 07:26:44'),('10.244.0.0','12634E52F1A03951CF7F714CA2CD35D0',10007304,'2022-12-22 12:47:54'),('10.244.0.0','126D331BC32A0B05D4E98809A69F1129',10007304,'2023-01-21 05:54:12'),('10.244.0.0','13267C7653BF669807FCC1553A250FCA',10007304,'2023-01-21 10:58:45'),('10.244.0.0','13791D67042F4E6D5D108828C313E4E2',10007304,'2023-02-03 06:43:41'),('10.244.0.0','14B7F54DD7D935EBBA23729BFF12D944',10007304,'2023-01-25 06:57:06'),('10.244.0.0','15718FEAD0B1C125C216D29DEB4BF59D',10007304,'2023-02-28 10:02:33'),('10.244.0.0','17187D32D460241B4B16E38281CD2663',10007304,'2023-02-04 11:08:48'),('10.244.0.0','18A08D81FE506EE81AF4C94CB30A6D3A',10007304,'2023-02-21 05:27:55'),('10.244.0.0','19C65A7A787E9D9A9087261B8A2DEFDE',10007304,'2023-02-16 05:11:11'),('10.244.0.0','1A5FC0C4AA02AF7AF3404165F1A93985',10007304,'2023-01-03 12:02:01'),('10.244.0.0','1CABFE5D7BB047B750A74A9C74F5CB44',10007304,'2023-01-25 07:01:51'),('10.244.0.0','1D02DCEA4AA242C714EC71F70741C07E',10007304,'2023-02-21 04:56:28'),('10.244.0.0','1D6B0DB624E86D9FD70507F6189569AD',10007304,'2023-02-21 05:32:41'),('10.244.0.0','1E328CEE4E5A777173F8A432AA25364F',10007304,'2023-02-14 10:51:58'),('10.244.0.0','1E3E9C55C6C6D5AAC309E13C30B958C5',10007304,'2022-12-24 13:19:10'),('10.244.0.0','1E4F2D8802BDFABCF9D3B41AB1BF3D8E',10007304,'2023-03-02 10:14:13'),('10.244.0.0','1EDADDB590C0C98FFB9362ACAFDD0EC8',10007304,'2023-02-28 08:28:39'),('10.244.0.0','1EE6204F652E211A35B560813E1AFDF5',10007304,'2023-02-13 05:38:28'),('10.244.0.0','1F4809657FAC225E67C10488887FF026',10007304,'2023-01-25 08:42:39'),('10.244.0.0','212824F8CFE4C79EEC23414DD60BDB1A',10007304,'2023-02-04 11:07:49'),('10.244.0.0','2285C8A80B97A9CEB33BA0E83AAE7CDE',10007304,'2023-02-28 05:39:09'),('10.244.0.0','23D17570F776EBE86B3E28ED24A2E2F0',10007304,'2022-12-22 05:37:54'),('10.244.0.0','258BC76ACED65982DB38FFA3E5607665',10007304,'2023-01-27 04:23:24'),('10.244.0.0','26A0AC8653F477F1A82841DFFAD45E60',10007304,'2023-02-08 04:41:02'),('10.244.0.0','272AA522FF452893D3469597326AFA21',10007304,'2023-02-11 10:57:48'),('10.244.0.0','279523463C4F47198956861731BE1886',10007304,'2023-03-02 07:17:25'),('10.244.0.0','2A500041815A443624570903FDC1B703',10007304,'2023-01-05 11:28:15'),('10.244.0.0','2A5256B60B473E59C7F3033185D6BCFE',10007304,'2023-01-30 07:28:49'),('10.244.0.0','2BAA723E999C81FDC312C1478EE23B64',10007304,'2022-12-28 17:42:55'),('10.244.0.0','2E06BF822B35B70B869D34A2591FEA19',10007304,'2023-02-13 06:09:41'),('10.244.0.0','30D3D3F09BBB4C24FE812BE091CF28C7',10007304,'2023-02-08 13:09:58'),('10.244.0.0','33D439C74F9C34631C7C28E6712D901A',10007304,'2023-02-06 06:49:38'),('10.244.0.0','34029224A1742E10AEEEE5D8CC33594E',10007304,'2023-02-13 07:55:18'),('10.244.0.0','35F492D2BB13889531ABDDFDF0A367C3',10007304,'2022-12-24 06:14:28'),('10.244.0.0','36FB6C688F068D09D1EFB99CABE5412A',10007304,'2023-01-27 06:11:46'),('10.244.0.0','36FFDC97570687C4ECF39A89E6F11A0D',10007304,'2023-01-05 05:10:46'),('10.244.0.0','37975FDB03DDC18FE039CFF74059D971',10007304,'2023-02-13 06:20:48'),('10.244.0.0','37CDA8C88836B0A96D1D5524B5B43961',10007304,'2023-02-14 04:38:06'),('10.244.0.0','3842C1EB2E93DCEB1AF928CDCDD79AB4',10007304,'2023-02-24 04:51:48'),('10.244.0.0','3898BA12B0A677023CA6CE3E9FFCE1F8',10007304,'2023-03-02 07:17:41'),('10.244.0.0','3965E8234EC00188B218C35C2778C6CB',10007304,'2023-02-09 17:26:12'),('10.244.0.0','3A3B65EC3B497E489981EF9C510A77B9',10007304,'2023-02-04 06:17:28'),('10.244.0.0','3A4650E064985A33620EA4B2B17B05B3',10007304,'2023-01-10 13:17:16'),('10.244.0.0','3AB4A6AA0A043A4632D87ED0E3249160',10007304,'2023-02-16 04:58:21'),('10.244.0.0','3B23C62B9E4BA76DC713F617EBB4594C',10007304,'2023-02-15 04:52:29'),('10.244.0.0','3B74E96FA5D19EB3014EFCCE8BE8F666',10007304,'2023-02-27 04:31:23'),('10.244.0.0','3BB07C01384C27442F72D47E3CEC5A12',10007304,'2023-02-22 04:24:47'),('10.244.0.0','3C3E6803B1BA5CC39F672D5B0D857D74',10007304,'2023-03-01 04:20:09'),('10.244.0.0','3DFEFA1D21599FE476F2E1BA59BD9EAA',10007304,'2023-02-13 06:29:53'),('10.244.0.0','3E004B5F590EA457404AC52B50210A29',10007304,'2023-01-03 04:19:31'),('10.244.0.0','402EA30AA9A4B5D9E2888DF4D9327301',10007304,'2023-01-28 07:51:35'),('10.244.0.0','43371F4FDB08897CC0BB2A090A126FB3',10007304,'2023-01-07 12:13:33'),('10.244.0.0','471A11977BA434B3D311A51FA7F68B3C',10007304,'2023-02-24 04:17:58'),('10.244.0.0','4759C7C3DF1A23F94A55BA7B40428838',10007304,'2023-02-13 06:05:37'),('10.244.0.0','47A01A3E14B7F77AAFDF67254C63493C',10007304,'2023-02-06 04:07:39'),('10.244.0.0','4CB13B5C9B2F9AE6E9A2A0198ECE5DBE',10007304,'2023-02-21 06:51:30'),('10.244.0.0','4DCD20AD816D9080E00ECB163B688E4D',10007304,'2023-01-04 06:59:36'),('10.244.0.0','4DD3B7DFA118D5076A5465F9BBA2AF55',10007304,'2023-02-09 17:21:56'),('10.244.0.0','4F020C44EBB668BA92176C297D8DF270',10007304,'2023-01-10 05:08:07'),('10.244.0.0','501FFB8654751FB7B0F5E11DD7793C39',10007304,'2022-12-23 12:25:25'),('10.244.0.0','523FC707BA0646DDB84DA790EF87820A',10007304,'2023-01-23 08:30:22'),('10.244.0.0','54268D6CC5747B55C4CBBAADA10F0AA0',10007304,'2023-02-28 08:53:42'),('10.244.0.0','54895473F03C143BF00F72ACAD7A94D2',10007304,'2023-02-27 04:49:34'),('10.244.0.0','55586473AB9CF8B2556151723E51BBB7',10007304,'2023-02-13 06:02:14'),('10.244.0.0','560BD1E9B94656C1440FB876359F6C3F',10007304,'2023-02-18 04:39:11'),('10.244.0.0','56695A8A4F6857C98F3516B229746F7C',10007304,'2023-02-13 09:44:54'),('10.244.0.0','56A9680F7457F59FFB32B8FF0770AD2A',10007304,'2023-02-21 05:28:43'),('10.244.0.0','58CB39E04E393D8151F0582571D22D33',10007304,'2022-12-21 04:14:05'),('10.244.0.0','58E7FD348EEEC8D77FCAE7352FE04497',10007304,'2023-03-01 07:13:28'),('10.244.0.0','5BD71E188A9F0EC43A6CC43867ACB6D4',10007304,'2023-02-22 13:17:46'),('10.244.0.0','5BEE5E86DD9121186A1CA43D835C8854',10007304,'2023-02-21 05:32:57'),('10.244.0.0','5C3F8B0AFEE5B1579156CE8A9F4EEED8',10007304,'2023-02-14 05:10:45'),('10.244.0.0','5D0CD0B13B750B93479C35DFFBACCD03',10007304,'2023-02-08 01:03:29'),('10.244.0.0','5D4D1DEF340F3CDFF250163E7D9D4D5D',10007304,'2023-02-27 07:46:31'),('10.244.0.0','5EDB2B24E90C72C9CE0899813FB781F5',10007304,'2023-01-21 11:19:22'),('10.244.0.0','61C70093706116D8A9DEA7868A06D205',10007304,'2023-01-24 10:47:00'),('10.244.0.0','61E97DE6029A46282C16A904E0958FCD',10007304,'2023-02-12 07:39:29'),('10.244.0.0','6206A103E4BCB92C80EE955A2A169AB8',10007304,'2023-02-17 04:05:40'),('10.244.0.0','646C7D28A4C367B6D9364E1D5058982C',10007304,'2023-02-03 06:47:25'),('10.244.0.0','66972D7E2B88E5FCF073FFA7F56FCEBC',10007304,'2023-01-27 17:49:07'),('10.244.0.0','66FC988C4F90DF4C6195623F8B1392CF',10007304,'2023-01-21 12:53:16'),('10.244.0.0','68FB6DBD7EB59BAFF481755C89790B9E',10007304,'2023-02-27 06:29:35'),('10.244.0.0','69DF3045DFFD449DF0078036A479C53C',10007304,'2023-01-14 08:41:42'),('10.244.0.0','6A4799F6727C0F9585EDCEEED0E5BBFE',10007304,'2023-03-01 06:09:36'),('10.244.0.0','6A56F1D01FEE7EF57E5FD9234852F58C',10007304,'2023-01-25 14:14:35'),('10.244.0.0','6A84F5A35FDD924700894D5158D7727C',10007304,'2023-02-14 05:17:07'),('10.244.0.0','6BA6DBD1F2756B528971D787FF98497E',10007304,'2022-12-24 13:05:42'),('10.244.0.0','6BE3B9843AE8939CB8805D76DBDB1794',10007304,'2023-02-28 05:03:05'),('10.244.0.0','6C3FFD6284E5CA1BCCBBB1BAA504C96A',10007304,'2023-02-21 05:30:04'),('10.244.0.0','6D6238A7E59F2A82AF97C66E9F95BE84',10007304,'2023-01-27 12:55:03'),('10.244.0.0','71AF7210258E6544370513A03511386E',10007304,'2023-02-21 06:51:49'),('10.244.0.0','71F9485BB29A4D34C4D581C81F99273B',10007304,'2023-01-08 14:51:38'),('10.244.0.0','72E42A63C941DA3E07645CDC6D06FE69',10007304,'2023-03-02 06:24:33'),('10.244.0.0','7315B7B1A785F187975C91B20FD69239',10007304,'2023-01-03 12:01:12'),('10.244.0.0','73D73EADFBC46BA5D8188093E36F0D80',10007304,'2023-01-23 08:24:58'),('10.244.0.0','7501BB02CC2418F7AD8D60F6A2EE1AA8',10007304,'2022-12-22 10:34:35'),('10.244.0.0','760A153BFAB708C933325E89F43869E5',10007304,'2023-01-04 07:27:00'),('10.244.0.0','77B3917F3CDD9F6F73423FBECA518517',10007304,'2023-02-09 17:09:56'),('10.244.0.0','77EA291DFDDE1E4A07F8AA1C193E9527',10007304,'2023-02-28 03:53:34'),('10.244.0.0','78FD1129C57998C3C775F631CADEC55B',10007304,'2023-01-10 04:07:15'),('10.244.0.0','78FDDE13756DAFB6122CFB03CD50A585',10007304,'2023-02-15 12:25:41'),('10.244.0.0','799BD8495F27A7D2CB88CC7D205BA651',10007304,'2023-01-03 12:01:12'),('10.244.0.0','799EEAC341FD43E707AFF6CDD4170C24',10007304,'2022-12-24 04:59:52'),('10.244.0.0','7CF3C635864A03F4672021708D3012F5',10007304,'2023-02-21 05:36:47'),('10.244.0.0','7D9F6042AB3928D88F613C4B544940F0',10007304,'2023-01-03 12:01:12'),('10.244.0.0','7F894E1B1FEE46ED5D66F24FA06E9955',10007304,'2023-01-19 04:35:07'),('10.244.0.0','811EA958BEA61D1D8C70DE8EBDD7E376',10007304,'2023-02-14 04:39:06'),('10.244.0.0','8277CBCB52C8819CE06B5FAF9ACF5A97',10007304,'2023-01-27 12:43:40'),('10.244.0.0','82F7FF625EBDAA710A510C1287928A2C',10007304,'2023-01-25 11:09:25'),('10.244.0.0','84777DBF129C0B72A379AE0C1A99CA51',10007304,'2023-02-13 06:22:44'),('10.244.0.0','84FEB5098B8AEDA8EAA18F8455AE59C8',10007304,'2023-03-02 05:07:37'),('10.244.0.0','854B2C436B2E9A67366845868B43AC63',10007304,'2023-02-14 04:53:32'),('10.244.0.0','876DA44F02E24385E6FB9911D02EC163',10007304,'2023-02-09 04:04:36'),('10.244.0.0','8BBE112CF13094F10BF0DBE719C39DF3',10007304,'2023-01-04 11:52:06'),('10.244.0.0','8BEAD1A7D4B9CB41A25C1AD4EFD1AF8B',10007304,'2023-01-14 08:41:42'),('10.244.0.0','8CF1FC18A2A4BA0D50284324F89D7A9B',10007304,'2023-02-10 02:02:21'),('10.244.0.0','8DDEEFB8E944D41AD19B144159EE618B',10007304,'2023-02-10 05:22:33'),('10.244.0.0','8E9DF28E4B77308468339628877B7EB6',10007304,'2023-01-10 08:18:16'),('10.244.0.0','902A3E38FF7182E341A753DEEC754291',10007304,'2023-02-08 04:10:45'),('10.244.0.0','913BA1924A9ADF6B9486A1B8C2781411',10007304,'2023-02-14 06:35:58'),('10.244.0.0','93F6ABF82E797F5D3D6568AFB7E71421',10007304,'2022-12-23 23:49:44'),('10.244.0.0','9608D1C9135F9E64561AE33A8DA715DC',10007304,'2023-01-27 12:56:42'),('10.244.0.0','9987E0780DE93F53D253F30BCF86F644',10007304,'2023-02-17 04:29:07'),('10.244.0.0','9993CB6F762A60E2F3C40AE6DDC529E1',10007304,'2022-12-22 13:23:56'),('10.244.0.0','9C6B6804449A8A1C26F3CE4FA97D3BB6',10007304,'2023-02-08 09:51:44'),('10.244.0.0','A134FA3FB58424876A3E742554D6E7A8',10007304,'2023-01-03 04:16:02'),('10.244.0.0','A3DDB625C8B724A36D0AD77870B190C6',10007304,'2023-01-04 06:09:32'),('10.244.0.0','A5069D5E2C4519620587FD027F89DB9F',10007304,'2023-02-23 09:12:42'),('10.244.0.0','A53DE30567FD2C90F686E7F58035A7EC',10007304,'2023-02-21 04:53:05'),('10.244.0.0','A5BDC4E8CC75700FF31D309A58CC0DED',10007304,'2023-02-13 06:41:01'),('10.244.0.0','A77B5C7DDECF0B19DE83B0413FAF3322',10007304,'2023-02-18 04:11:46'),('10.244.0.0','A7A366FC110549CEC5C2B88AF363553C',10007304,'2023-02-21 04:27:37'),('10.244.0.0','A8429BEF52258313017BA44C9A16F29C',10007304,'2022-12-23 12:40:03'),('10.244.0.0','A94A726EF1B8A296A01F56CF75E1F338',10007304,'2023-01-23 13:24:22'),('10.244.0.0','AA7B2229CA1CC433B23856E17DA02757',10007304,'2023-02-07 15:44:12'),('10.244.0.0','AB05B3A0AE60C3C57A59C04761A2DB08',10007304,'2023-02-09 03:45:02'),('10.244.0.0','ABD29712288E918E0F73967E12FCFD75',10007304,'2023-02-13 06:29:14'),('10.244.0.0','ACE38356883EF7F3781F3ACE2C5E9F8A',10007304,'2023-02-17 04:57:46'),('10.244.0.0','AD00EAE5325CC835C02B9177B58A4C53',10007304,'2023-01-08 15:12:44'),('10.244.0.0','AEF14C4EA01060B4AD4A92CD34BDB5E8',10007304,'2023-02-16 04:52:24'),('10.244.0.0','B07163F46174BF28CA3B9361B9A0B695',10007304,'2023-02-16 04:52:24'),('10.244.0.0','B07AA38B4FC4ADA53A9A3063E8776061',10007304,'2023-02-27 11:38:10'),('10.244.0.0','B2661376ED722B8F0AE6981FC62B920D',10007304,'2023-02-27 05:20:57'),('10.244.0.0','B28BAFF203AC98D638A84CB514EF25B6',10007304,'2023-03-01 05:43:28'),('10.244.0.0','B335709F727CE4A6AC0D6E7703FAA7A5',10007304,'2023-02-14 07:23:40'),('10.244.0.0','B474C69E7AFE4CA66FC2CF70821AEBFD',10007304,'2023-01-04 07:34:06'),('10.244.0.0','B6FD5A61A873CA37F3C4E4A72EF38E5D',10007304,'2023-02-13 07:34:35'),('10.244.0.0','B7ECF13F7EDA63C7F29803BA6A6DF737',10007304,'2023-01-14 08:41:42'),('10.244.0.0','B89AAA33253A6622BC9C15A69776A4D1',10007304,'2022-12-27 14:46:46'),('10.244.0.0','BA87017E2236D5A01B2AE1CF21823841',10007304,'2023-01-25 11:55:03'),('10.244.0.0','BADB021BDDB3347A2B531CF09647D4C7',10007304,'2023-01-27 05:16:28'),('10.244.0.0','BE41CC9EF11DCF26FE99E3A48850C263',10007304,'2023-01-02 14:37:43'),('10.244.0.0','C0A699F8F97A89E8D14ECFD819E575C2',10007304,'2023-02-14 07:49:59'),('10.244.0.0','C1D1B5338C2B4EF6D541922CA49567B4',10007304,'2022-12-22 14:27:21'),('10.244.0.0','C24665C67F65F629B2538948DFB04A45',10007304,'2023-02-13 06:08:39'),('10.244.0.0','C2563744D040F42797D7A0D3C713E45D',10007304,'2023-02-27 09:22:39'),('10.244.0.0','C2792C7FE0934BA1183C8A086D6694A2',10007304,'2023-01-02 07:19:12'),('10.244.0.0','C3A1B31C8E479056C9A89175AB71E17D',10007304,'2023-02-13 05:37:36'),('10.244.0.0','C4C4AC6CB5020405A4ECCB1293861E5C',10007304,'2023-01-09 06:14:16'),('10.244.0.0','C666E9A2815908D94A6B7ABCA3A3D094',10007304,'2023-02-22 05:10:04'),('10.244.0.0','C81980E45C04913E3BE28984A1D3FE8A',10007304,'2023-01-02 05:34:12'),('10.244.0.0','CD8D3F9E091565DC09EC05BF29A16F99',10007304,'2022-12-24 13:18:04'),('10.244.0.0','CE63A8BDE30D9C01ECEED1E6237B7D4E',10007304,'2023-01-04 05:40:04'),('10.244.0.0','D0F9C4398FF7905306C54481688EA0DA',10007304,'2023-02-13 12:15:57'),('10.244.0.0','D1079CC20C1BAC5F070AD2215DFD2DB5',10007304,'2023-02-15 05:03:11'),('10.244.0.0','D177734BD962A6E400A36113AAE2F42D',10007304,'2023-02-08 05:17:37'),('10.244.0.0','D2BBA6868648D260C740C55E47645ABC',10007304,'2023-01-23 06:32:27'),('10.244.0.0','D2CF30546FE0991C247DEB86E1982D03',10007304,'2023-02-13 14:49:25'),('10.244.0.0','D684978E7B83BEDC4D11AFF98B1D9C8A',10007304,'2023-02-04 05:24:23'),('10.244.0.0','D8929ABB4E88E83466D9F1E4E8E86965',10007304,'2023-02-16 16:49:18'),('10.244.0.0','D9C532D41CAC8A577DD05E64ADAAC499',10007304,'2023-02-13 06:22:14'),('10.244.0.0','DDB4281EC0FAE547E339FD58E2076B0C',10007304,'2023-01-04 05:42:21'),('10.244.0.0','DE23D1F07594A6066B3C377FE0DFAB4B',10007304,'2023-02-04 04:46:58'),('10.244.0.0','E092CBF361EF9F26DD676FFB9A79A5AE',10007304,'2023-02-22 13:20:24'),('10.244.0.0','E2BEBBA798227474ADF30E669E37AD64',10007304,'2023-02-23 03:39:22'),('10.244.0.0','E350BC0431688307A6530EFD33F9326C',10007304,'2023-02-20 04:33:01'),('10.244.0.0','E42CCE430D000A1DE8F05BF479D14318',10007304,'2023-02-03 06:56:35'),('10.244.0.0','E4EE2915CDF4192B34B6B92FC9DC08F5',10007304,'2023-02-28 13:24:15'),('10.244.0.0','E548267B1E509DFE2221173D41A1C672',10007304,'2023-01-25 13:32:30'),('10.244.0.0','E54F6B8DDF6070E261C1EF13801166A9',10007304,'2023-01-25 12:44:33'),('10.244.0.0','E9B37EFD5BF350E3C60D7C91CF496714',10007304,'2023-02-11 04:46:52'),('10.244.0.0','E9B843AD4FCF9DF59D2C4D53C1A9B0E0',10007304,'2023-02-11 09:37:30'),('10.244.0.0','EAA50AAC424E61A849DE91406E00DAF6',10007304,'2023-02-03 11:19:24'),('10.244.0.0','EAACE21233011ECF7E0F3A220007E66D',10007304,'2023-01-23 11:44:38'),('10.244.0.0','EC0252212C762F51DCDF876F991B45BF',10007304,'2023-02-15 15:54:47'),('10.244.0.0','EC208817C1F63017C8A23D6EF0505DD5',10007304,'2023-02-13 09:46:59'),('10.244.0.0','EE18561214C45F0604FDF9CCE7766634',10007304,'2023-02-03 05:07:27'),('10.244.0.0','EEDA15E5A19F739D0BA2EA07D7CCC077',10007304,'2023-02-25 04:40:09'),('10.244.0.0','EEF2099646C6D98D70137154888E8A38',10007304,'2023-02-15 05:03:13'),('10.244.0.0','EF7BF24AB5E769016AA4AF821B1B7673',10007304,'2023-02-11 05:33:45'),('10.244.0.0','EFD997DF4EE142387AEEB458E79B8516',10007304,'2023-02-21 04:35:11'),('10.244.0.0','F0804439A63A5C2BEF04A94182895FE6',10007304,'2023-03-02 10:15:12'),('10.244.0.0','F0C8347B5DF2CD52B5799D0569061816',10007304,'2022-12-30 06:44:06'),('10.244.0.0','F1D3C48D9660713F3764BB905FDBBC98',10007304,'2023-02-04 10:37:39'),('10.244.0.0','F227C17DF43F0124F2748230E68E67FD',10007304,'2023-02-13 07:08:04'),('10.244.0.0','F2EEC2D9DA998940D77EB69A5E87C908',10007304,'2023-02-28 09:48:15'),('10.244.0.0','F3CCB262A1704720C7B8B9D2D94BACA8',10007304,'2023-02-13 06:37:49'),('10.244.0.0','F41DA4DB177B1EE246F3C453DC6A0791',10007304,'2023-02-13 11:13:31'),('10.244.0.0','F4BA334A7AF4630FB9356F53E57F7FCC',10007304,'2023-02-13 09:52:42'),('10.244.0.0','F6C81285AA13649FD761F0EA5673F2B3',10007304,'2023-02-16 05:10:04'),('10.244.0.0','F81FFED9E985649C40B20E6543C43F1C',10007304,'2023-02-04 11:13:32'),('10.244.0.0','F98C543849C8BA1E98ADFAFD416BE1D9',10007304,'2023-01-14 08:41:42'),('10.244.0.0','F9E60AE8BF7EA7C21B23E241A576E32C',10007304,'2023-02-27 05:18:07'),('10.244.0.0','FB16B0BBEACAC5E76353B97B39F250C0',10007304,'2023-02-14 11:47:13'),('10.244.0.0','FD69362A16A61A67603B7BDC056E6F80',10007304,'2023-02-08 05:15:18'),('10.244.0.0','FE699CE2CC8753BCCF563A84E23B55D6',10007304,'2023-03-01 09:09:19'),('10.244.0.0','FE8CF28A5E6F241B1BFFB6A2C9C2BEA7',10007304,'2023-02-14 06:11:44'),('10.244.0.0','FF8B6761168A05DF259DA193EAA8C7CB',10007304,'2023-03-02 04:26:04'),('103.109.14.30','0B2D054741015E6EB3F5C6331F11C6A9',10007304,'2023-04-22 07:28:52'),('103.163.91.7','72CA624DE5A0CEE50983F4D9928649D1',10007304,'2023-04-20 12:31:25'),('103.186.133.3','4C615BA72820C1B7295A536D5262B321',10007304,'2023-04-22 07:44:18'),('103.186.133.3','5EAD80069AE42922075454080D94F4B5',10007304,'2023-04-22 07:07:32'),('152.57.196.42','4031CEAA2E5A36187D3352784FE74142',10007304,'2023-04-14 06:22:39'),('157.35.16.232','404E1FEA07E36531024F5D020B7B82CA',10007304,'2023-04-18 08:21:40'),('157.35.16.232','4C6C681441680480FC60A0E31DE20305',10007304,'2023-04-18 13:44:47'),('157.35.16.232','EB3F8A26937A79A8C68D9A6BAEF9ACC1',10007304,'2023-04-18 13:51:51'),('157.35.16.232','F4AEFEA5BE7F8EC4593086BF0D73498A',10007304,'2023-04-18 08:01:52'),('157.35.16.232','FB78E042E69B1C79FAB689A186637C10',10007304,'2023-04-18 06:58:47'),('157.35.16.232','FE55C479CB1EE1E032C99E28384539E1',10007304,'2023-04-18 14:10:04'),('157.35.17.179','21CF61F4CCDFFA41B187E2784749C814',10007304,'2023-04-17 08:16:14'),('157.35.5.211','01A9B428C185ED8318C8D6CF1B6A1F54',10007304,'2023-04-15 07:18:46'),('157.35.6.79','0079CECC8A5F7755B8E1369AD62FB619',10007304,'2023-04-14 06:12:26'),('157.35.6.79','2B29B14BDD261314EA101C45F24B9FB0',10007304,'2023-04-14 06:12:26'),('157.35.6.79','39527693B3686F32C94AB5931E72662B',10007304,'2023-04-14 06:09:34'),('157.35.6.79','55D89E92AB6FA71BC916389C14B3F008',10007304,'2023-04-14 06:12:26'),('157.35.6.79','5A3F874FE8B1781E0F856566F060FCF0',10007304,'2023-04-14 06:09:37'),('157.35.6.79','5A7DDA1B002A0BEDF208CF89FFFD9CCE',10007304,'2023-04-14 06:09:37'),('157.35.6.79','700DA6AFDE088173B9E01FA57748D0CF',10007304,'2023-04-14 06:09:29'),('157.35.6.79','7AEDBD0981F29FE9B102003E441DCE21',10007304,'2023-04-14 06:12:27'),('157.35.6.79','CC25F074DE733339D6B8B6DC2D927000',10007304,'2023-04-14 06:12:27'),('157.35.6.79','DF03EFA873C7D33E47CDACB0B61812BC',10007304,'2023-04-14 06:12:27'),('157.35.6.79','E887593374296C8B093120C1FFFEC0F7',10007304,'2023-04-14 06:12:27'),('157.42.4.245','66FB1FB5EF06BE61F9F8B7E9EC9689CE',10007304,'2023-04-22 07:57:43'),('157.42.4.245','73DFC7EC556898CE17E7D952CF6ADBED',10007304,'2023-04-22 07:33:50'),('157.42.4.245','978B1F21F675C97FCB1634E3C41A11C5',10007304,'2023-04-22 06:41:55'),('157.42.4.245','CCDCCA17978851A526436BD3B438BA6B',10007304,'2023-04-22 07:06:57'),('192.168.0.144','3721ADE292F95EF01F704DAE502EA8E8',10007312,'2023-02-07 18:13:58'),('192.168.0.144','72F89E95E1C8AE30007C6703AFDB671D',10007312,'2023-02-07 17:59:26'),('192.168.1.10','0432F219EDEA8DE4FBF670BCBE240AA2',10007304,'2023-03-01 10:17:52'),('192.168.1.10','3694A02E63DD89F04886DAFA13FFD782',10007304,'2023-03-03 11:00:10'),('192.168.1.10','3904D4F6635C25829DDA5339C34C0699',10007304,'2023-02-28 14:53:05'),('192.168.1.10','45710FFE0461613D7B18B9439F1F46FA',10007304,'2023-02-28 16:00:36'),('192.168.1.10','4ACCD9874820685DFB7FD3B79058C4D6',10007304,'2023-03-03 11:18:37'),('192.168.1.10','547F05D45F211BF76D054103F2C45BA4',10007304,'2023-03-01 15:46:51'),('192.168.1.10','6ACD10FE3498B328F02B05ED51EBCC82',10007304,'2023-02-28 13:53:32'),('192.168.1.10','6B12314ADA2E1ABAF3E06D3A5AD90CBB',10007304,'2023-03-01 15:35:13'),('192.168.1.10','77FD85790E4B22E0BAC4195D56FCC0A9',10007304,'2023-03-02 14:15:20'),('192.168.1.10','7A91F0867B149ED7B4D91598D8519D64',10007304,'2023-03-01 15:14:03'),('192.168.1.10','7FEC693935870A2906B7D2EAB783DAC8',10007304,'2023-03-02 12:01:41'),('192.168.1.10','AD7BEF791842957239E3994A26DA9F1C',10007304,'2023-03-01 11:07:55'),('192.168.1.10','B154ADE48478EFDB7CABD40D87832F34',10007304,'2023-02-28 17:02:49'),('192.168.1.10','C0361FC4CE6D8B37BB025259006B4122',10007304,'2023-03-02 17:14:20'),('192.168.1.10','C292E38A7DA0113CECCBD949C8B0F276',10007304,'2023-03-01 10:51:45'),('192.168.1.10','C88E1BA9E8463C20550E864701DBC6D4',10007304,'2023-03-01 15:14:03'),('192.168.1.10','CD80BE9D36421970CD2453B35CE44066',10007304,'2023-03-02 10:41:59'),('192.168.1.10','E6945D0DF6FA3790807AE697693B1705',10007304,'2023-02-28 15:56:36'),('192.168.1.10','EACED29FA5F8D85D20C760FFAF69EF68',10007304,'2023-02-28 15:55:08'),('192.168.1.10','F09C7C6CE426E815089A8AED1745082A',10007304,'2023-03-02 10:31:46'),('192.168.1.106','1885D0C5711F1B27F061F8DD1BA48B8D',10007304,'2023-02-14 10:53:32'),('192.168.1.106','5A339547655DAA4AB6E95AF13535DDC2',10007304,'2023-02-17 11:05:18'),('192.168.1.106','5E7F4AEFB700B2FC25D8F7EE16A1178B',10007304,'2023-01-12 15:47:32'),('192.168.1.106','7AA1F3309DA2B440AF01C2B0FD74975B',10007304,'2023-02-17 14:42:49'),('192.168.1.106','879D92C98D3FF16AFAE2D00B615E5F64',10007304,'2023-01-12 15:17:10'),('192.168.1.106','A93CDC6496BEA1DC03C49294916EA202',10007304,'2023-01-12 18:23:22'),('192.168.1.106','B085E8C6CCFC7441E12DE0CA13EDC833',10007304,'2023-02-14 15:59:18'),('192.168.1.106','B79F8FF2F8F3534B9E30F0A7F8A8F7E9',10007304,'2023-02-18 10:22:57'),('192.168.1.106','BF4F3F00B48C9CCC976073C453BDF4D6',10007304,'2023-02-16 10:48:28'),('192.168.1.106','E8D0FEE6C7D2A5CB885A145561B374D9',10007304,'2023-02-16 10:01:21'),('192.168.1.106','F139D3B4FA84E80906D04C528214C40B',10007304,'2023-02-16 14:36:42'),('192.168.1.106','FE7B95C3AB22BEB8021864DEAECABB73',10007304,'2023-02-22 16:24:42'),('192.168.1.107','44FACF8F4C49CC12EC4FF6F7E8ED8673',10007304,'2023-03-02 16:10:19'),('192.168.1.107','661B9B9784B338581EE7FA6BF2C04A3D',10007304,'2023-02-11 17:08:50'),('192.168.1.107','878F00B4C6353A1C6C7783F48C46F307',10007304,'2023-02-11 17:08:50'),('192.168.1.107','8CBEB8F4BC2483531EF043ACB1C5C348',10007304,'2023-02-11 10:28:36'),('192.168.1.107','98C7E02C0E250A837AE656B9D5AECAB2',10007304,'2023-02-11 17:27:15'),('192.168.1.107','D019E8785A4CD8FFAD709ACEF5A3668F',10007304,'2023-02-11 16:32:40'),('192.168.1.108','19545C3906C56DFCC91A2B7D8BFF76A2',10007304,'2023-01-19 10:09:48'),('192.168.1.108','252AC40AEE5595B469D736F2E704193E',10007304,'2023-01-16 15:16:09'),('192.168.1.108','3E62F2C1586A3165307561C923792A39',10007304,'2023-01-14 16:27:01'),('192.168.1.108','410A38A791EFA960EA9411DD149BD905',10007304,'2023-01-16 15:15:18'),('192.168.1.108','58B22ECDB9B512C09AB6230EB3A1C96C',10007304,'2023-01-17 14:51:08'),('192.168.1.108','74523B280A64EAF6F7D67B381950692A',10007304,'2023-01-14 15:21:23'),('192.168.1.108','8A8907341156C3BA9C111586FEB5F835',10007304,'2023-01-17 14:52:10'),('192.168.1.108','92AF1E6567B72BC485785F4DECD82A38',10007304,'2023-01-16 12:35:43'),('192.168.1.108','92F55BE2F0CB3DB260FD5DED2F3D8BA1',10007304,'2023-01-16 09:55:13'),('192.168.1.108','B1D5413096DE13A3F2C35BC298685D59',10007304,'2023-01-17 10:00:43'),('192.168.1.108','C4DCD456BA49A5C3E89D8BC2BC5A5AD8',10007304,'2023-01-16 15:10:16'),('192.168.1.108','C5172A5659D45DC0DFB68781E0A09DAD',10007304,'2023-01-17 14:09:51'),('192.168.1.108','E786264659F968FA8E819CFAF9234F5D',10007304,'2023-01-20 10:01:53'),('192.168.1.108','FBE68586E2699443EF160A733A98BE70',10007304,'2023-01-17 14:53:11'),('192.168.1.109','79F71882DB4AF1CABADC1F1D576EB6E9',10007304,'2022-12-17 11:22:52'),('192.168.1.109','AF01DB17AF291E4B908C05FDF0620B90',10007304,'2022-12-17 11:24:53'),('192.168.1.109','CE170F441DC76C7DB7D510196F965D3A',10007304,'2022-12-17 11:23:14'),('192.168.1.109','F04032636102C5A97BBF77ED41C7AE0D',10007304,'2022-12-17 11:33:31'),('192.168.1.109','F07D1C463B1AB73F9D2BDFB976A1B02F',10007304,'2022-12-17 17:21:28'),('192.168.1.109','FACBCE645E987F370213258A0E46C9A3',10007304,'2022-12-17 10:44:50'),('192.168.1.111','01AAA82DB694DCF6BB07919F005741C8',10007312,'2023-02-03 13:03:02'),('192.168.1.111','09B11EAA4CC62CD333148C6ACBC6B2C5',10007312,'2023-02-02 16:56:10'),('192.168.1.111','109B76E9D0528C5327C9AD2D983319EE',10007312,'2023-02-02 14:31:24'),('192.168.1.111','22633697879A9F5812E6C98F571DC03A',10007312,'2023-02-01 17:56:03'),('192.168.1.111','24D98474F9C2AA04D3895F7082C8094F',10007312,'2023-01-28 11:01:54'),('192.168.1.111','2B3E778C1F3BBE665DAAB386EF21797C',10007312,'2023-01-25 11:16:54'),('192.168.1.111','2F1291CA08AAFF4F6459CACA2078F6B8',10007312,'2023-02-02 15:57:17'),('192.168.1.111','3336E8610CC478485E9F73CCEB1E0A74',10007312,'2023-01-31 18:37:29'),('192.168.1.111','3B7393055AFE7B91A0595F0B303295C1',10007312,'2023-01-27 10:39:10'),('192.168.1.111','3DBC9D727926F672C705FDB050EED5B1',10007312,'2023-01-31 14:25:36'),('192.168.1.111','3FF7C9179EE9AE1CF1EB69D63B97CB18',10007312,'2023-02-02 11:27:13'),('192.168.1.111','473D44AA3D963741A7C4824CAE57D934',10007312,'2023-02-03 12:31:39'),('192.168.1.111','4B5083B1739B735C5E9A4A0C43D93012',10007312,'2023-01-25 19:32:20'),('192.168.1.111','501B5DCD5578E57596442B5A1567239F',10007312,'2023-01-25 12:03:21'),('192.168.1.111','5710639BE81C415CB75DF1DC6D7A020C',10007312,'2023-01-27 10:37:01'),('192.168.1.111','5D9CBA6241157E5B90A68C8122CEEF06',10007312,'2023-01-27 16:55:56'),('192.168.1.111','5DD445FFDD4142B9AD5C3BF88471A5A2',10007312,'2023-01-25 10:13:48'),('192.168.1.111','5DFCF9DA73A3FB6BC1E4E2FCB826E37C',10007312,'2023-01-25 14:35:50'),('192.168.1.111','5ED83A72746C70B071E2AA4F048950CC',10007312,'2023-01-31 12:06:54'),('192.168.1.111','5F4631D7078D0276911A2E10F6573060',10007312,'2023-01-25 14:29:04'),('192.168.1.111','68CBDD8B619C023E48F10386711E37D8',10007312,'2023-02-03 14:33:55'),('192.168.1.111','68DF4FD966ADF8009D309A1146BD1D98',10007312,'2023-02-03 11:53:08'),('192.168.1.111','735041092808DEA6E4FC68BBFE672CC7',10007312,'2023-02-01 12:52:12'),('192.168.1.111','7B06BDA0F46847108F0049969943D0EE',10007312,'2023-01-30 18:25:53'),('192.168.1.111','7DCA029FA1E0381A7869017F5061AFD0',10007312,'2023-01-25 13:03:04'),('192.168.1.111','82DA225D4039AF2A0A5C470987DE27AA',10007312,'2023-01-30 12:18:53'),('192.168.1.111','831FAAC65BA353AA3B29EA1AF019B656',10007312,'2023-01-27 12:01:25'),('192.168.1.111','86FB0624C5E08A5E35E2D173101F9635',10007312,'2023-01-28 18:39:04'),('192.168.1.111','8A42BB7652489642077E3643F820B62F',10007312,'2023-02-01 10:44:59'),('192.168.1.111','93B669FFA933E77C63E570E063A9761A',10007312,'2023-01-30 15:55:26'),('192.168.1.111','9A735A6500830D4334A0C62EE86FC3C0',10007312,'2023-02-01 13:47:22'),('192.168.1.111','9D9FE091C118E18007E5CE1295D7F274',10007304,'2023-01-24 13:34:44'),('192.168.1.111','A04DC4C5B75BB3E895FC3B5966BE5672',10007312,'2023-01-25 19:16:21'),('192.168.1.111','A0EEA4CB5B6721B3769FF3271567C1D2',10007312,'2023-01-28 17:41:45'),('192.168.1.111','A7D066BAE7573D38CE943FF6733B640D',10007312,'2023-01-25 21:51:45'),('192.168.1.111','A9C7B0328B92CA2E17F01ADD9B297E0F',10007312,'2023-02-03 14:25:44'),('192.168.1.111','AB886DBD541620BBFD17BC88C3FD0AA4',10007312,'2023-01-25 15:07:24'),('192.168.1.111','B48F614FC59726BD84982137827F5109',10007312,'2023-01-30 11:46:01'),('192.168.1.111','BED07FAE39B907495372B0CFB328509E',10007312,'2023-01-31 17:07:50'),('192.168.1.111','BF3AE9858788F21475A94402DA7B5E56',10007312,'2023-01-31 10:07:34'),('192.168.1.111','CA29548ED42EB21E366AC84CC233FCE4',10007312,'2023-01-27 14:45:25'),('192.168.1.111','CD84712F574DC2D706A0E26E53B47741',10007312,'2023-01-30 10:13:55'),('192.168.1.111','DAF369E655238D19D50D13075A349B48',10007312,'2023-01-31 09:45:33'),('192.168.1.111','DB28D7E881D89AA235096DE6F00D6138',10007312,'2023-02-03 13:39:53'),('192.168.1.111','DE30C71477D8F315A9D9914708250E78',10007312,'2023-01-25 16:43:52'),('192.168.1.111','ED46C15CFB13DC7CCDA89CC57022DC82',10007312,'2023-01-27 09:53:49'),('192.168.1.111','EF7CF09E88F1CA35276B78A2B54D7B04',10007312,'2023-01-25 15:32:55'),('192.168.1.111','EF914917EB727ABF796E9DA33ED8A2F7',10007312,'2023-02-03 14:22:17'),('192.168.1.111','F43EF5AFE249C013DFDB7937298DD174',10007312,'2023-02-03 10:36:18'),('192.168.1.114','02EBD7B0D66AF7464A578BBC7CD3797E',10007304,'2023-02-08 10:00:35'),('192.168.1.114','06B6911209D8E578E67C5594E351C261',10007304,'2023-02-08 15:04:47'),('192.168.1.114','2028584B474161DAB4C4870F4C52BE1E',10007304,'2023-02-10 09:55:32'),('192.168.1.114','283EE2D00B0DE42BCBF51039ADDD0EFA',10007304,'2023-02-09 14:52:07'),('192.168.1.114','2B3649785CA506486E8A4F55DF3D29BA',10007304,'2023-02-04 09:35:31'),('192.168.1.114','62FE9D3166A669C3BAFB3FD16930C254',10007304,'2023-02-04 13:31:05'),('192.168.1.114','65ADE98CEDD476B8C9CE2390A58B3FAC',10007304,'2023-02-04 17:22:37'),('192.168.1.114','682C0DDC89CBC3303F80CEA3181C20CE',10007304,'2023-02-04 13:28:58'),('192.168.1.114','6BBC6E7246353BFF0ECDC0E9AAB5DA36',10007304,'2023-02-07 10:33:41'),('192.168.1.114','81193E28E3790A70A5EADD17BBED8D8E',10007304,'2023-02-09 09:50:23'),('192.168.1.114','8A21AAAEF1BB85F1637892CD3F7D537C',10007304,'2023-02-11 09:53:27'),('192.168.1.114','8AEC21A56D76FE506E7EDF95F721C4C0',10007304,'2023-02-04 17:25:51'),('192.168.1.114','901B58C5DEFAA2A1824E40D3AE0C1300',10007304,'2023-02-10 15:17:45'),('192.168.1.114','95C3B3D1343CFDBE2668A059220E33CB',10007304,'2023-02-07 10:26:59'),('192.168.1.114','F3BE024E91F2DB71749C43F00A892CD9',10007304,'2023-02-09 14:45:15'),('192.168.1.114','F86AF11DD97637E2DA0913521596D7DB',10007304,'2023-02-04 13:26:41'),('192.168.1.114','F9EBBE90C1EEC21D33068A84B08D6624',10007304,'2023-02-06 16:06:34'),('192.168.1.30','368407AEFE69F8638C20DB31BA99D57E',10007304,'2023-04-21 13:33:43'),('192.168.1.37','18BFA1C90F15B26B3BDB7DE8D4FAB7BC',10007304,'2023-04-18 15:30:16'),('192.168.1.37','546918838966F94CFBF741A2C2DAD6EF',10007304,'2023-04-18 15:38:48'),('192.168.1.41','301EBC7D762628A7FE8E57AE6BB58368',10007304,'2022-12-15 15:23:22'),('192.168.1.41','3783D8586EA48625E5F237CB95B9C821',10007304,'2022-12-15 15:21:59'),('192.168.1.41','3E38832E276B49390A516CE5AC43B92F',10007304,'2022-12-15 14:54:03'),('192.168.1.41','87E5101877F68B9330431C57AB6BBF69',10007304,'2022-12-15 12:46:31'),('192.168.1.41','C3689D094E4C78947B63D0B895A5E00C',10007304,'2022-12-15 14:04:09'),('192.168.1.41','E8E1BD813F7A23C7210AC9B458CCFC8D',10007304,'2022-12-15 16:15:39'),('192.168.1.42','087EC3CDF6431D39006F53F1338084D9',10007304,'2023-03-06 18:18:01'),('192.168.1.42','1C05FE7ED5CDB52B9D5564F11EAEFDB5',10007304,'2023-03-03 10:05:27'),('192.168.1.42','28BED98F7C36F07803685DFCEC9E1D23',10007304,'2023-03-01 13:40:04'),('192.168.1.42','3E53F92E0845B460D9F3BA4945BB2FB9',10007304,'2023-03-02 17:13:00'),('192.168.1.42','6A74B6CA8C6B526771444FE056443F39',10007304,'2023-03-03 18:11:22'),('192.168.1.42','9633BF81FCBC48951F99C77AF228E793',10007304,'2023-03-01 09:57:57'),('192.168.1.42','983D4FB1EBD7CE26C0493D6EF51AD47F',10007304,'2023-03-04 09:50:31'),('192.168.1.42','B25D8A7D04C753302F5D04A5DEC60563',10007304,'2023-03-02 13:43:50'),('192.168.1.42','BD3509E0F310B9BDD8776E94ABB91176',10007304,'2023-02-28 16:27:18'),('192.168.1.42','BDCE3920A546AE43647CF257BDBCF5FF',10007304,'2023-03-02 17:54:51'),('192.168.1.42','D710439665276296EA46B268404FA31E',10007304,'2023-03-06 10:10:56'),('192.168.1.42','DDC639586F065C439483CBE8E92ABC3F',10007304,'2023-03-01 13:55:53'),('192.168.1.42','ED6929DABF7AB6930AA1555AD848F371',10007304,'2023-03-07 09:42:27'),('192.168.1.42','F2515DF92EC67A7986C89C9C8E3BCF05',10007304,'2023-03-02 11:13:27'),('192.168.1.8','567BC54E04BBC0641FC9955524FBE885',10007304,'2023-04-21 12:17:07'),('192.168.1.8','E0A023FC624D6628D5D7AEDE273144CE',10007304,'2023-04-21 12:54:31'),('192.168.105.144','19A4DB3BC2227767281DAD6C38434800',10007312,'2023-03-04 14:58:50'),('192.168.105.144','3EBBE84BF3211967F5B6C8398A218D53',10007312,'2023-03-04 19:06:35'),('192.168.117.144','632348FF1EF402EA085552A2F502E652',10007312,'2023-02-08 12:48:53'),('192.168.121.144','1D4C65DBA5CD72D1FF11213888056C43',10007312,'2023-02-07 09:47:39'),('192.168.121.144','3DA77F1662DDE12C707CEB05B77CEB38',10007312,'2023-02-07 09:43:48'),('192.168.121.144','3FA06AE7B7E8B6774E9088F9EFBEDE29',10007312,'2023-02-07 13:27:58'),('192.168.121.144','4131A1AA6EC9A7EDB16135DDDEA7BFAE',10007312,'2023-02-07 11:34:46'),('192.168.121.144','6A349F51BE0DA0C94AEA59EA6BDC05F1',10007312,'2023-02-07 12:05:45'),('192.168.121.144','7EC973902A36A66281876DC5D950D2C8',10007312,'2023-02-07 12:22:04'),('192.168.121.144','979A9E315A7D68BD6B6976716352EF0B',10007312,'2023-02-07 09:38:15'),('192.168.121.144','A77A3FE155A33CF6804E1F46BF77D689',10007312,'2023-02-07 09:31:04'),('192.168.121.144','C2CD50159A4D66C7941DCCFDC7E22B81',10007312,'2023-02-07 09:47:09'),('192.168.121.144','F77E50E940CCB445DE9EDD7986F0686D',10007312,'2023-02-07 10:15:55'),('192.168.134.33','4A9BAD369CC202EF5B369C63D1FC6571',10007304,'2023-01-11 12:58:37'),('192.168.146.1','003EB861F23EEC95DCB09D1D7C18867C',10007304,'2023-02-11 15:33:29'),('192.168.146.1','00F453B166108A1A265E0CBD9DCCC8AE',10007304,'2023-01-03 17:58:20'),('192.168.146.1','013197B978DC9E2183F415B3A1741960',10007304,'2023-01-06 10:48:18'),('192.168.146.1','02FEBCB3807C00242131BB13845E3AED',10007304,'2023-01-18 10:23:01'),('192.168.146.1','07B7D0E19539A912B45CB10D9D33CD8B',10007304,'2023-02-20 09:40:26'),('192.168.146.1','0BA39F29BD09FC27F4627EE3941590DF',10007304,'2023-01-17 15:44:52'),('192.168.146.1','0D41EB73D8BC1A17D770ACF891034024',10007304,'2022-12-31 10:43:09'),('192.168.146.1','10D671B2D158CE7CC3B60E181CB2F9D2',10007304,'2023-01-28 12:04:20'),('192.168.146.1','1135624262000F9902D43E76C9BB89C4',10007304,'2023-02-11 09:58:49'),('192.168.146.1','129E4B12ADB76F823E60E6DC15AF7612',10007304,'2022-12-31 10:41:44'),('192.168.146.1','15C325B992F7082EB46F300E46501EE2',10007304,'2023-02-10 09:47:49'),('192.168.146.1','17EF752AEEF0D4F709ED547BE1A33D15',10007304,'2023-02-09 10:52:11'),('192.168.146.1','1ACFA26EAE1207867835886EC8F4AA13',10007304,'2023-01-24 15:32:15'),('192.168.146.1','23E26D18DC07689346565C5D6C62D45E',10007304,'2023-02-07 13:50:13'),('192.168.146.1','245A5E17D629C06F92855EEA1A351534',10007304,'2023-02-17 10:53:49'),('192.168.146.1','26FCB171B4926F752080C8FCCB805425',10007304,'2023-01-25 09:54:21'),('192.168.146.1','2877FCD7F02794C84968C65272093804',10007304,'2023-01-17 11:21:00'),('192.168.146.1','28B1B072E9071BEB386E08FD137B257C',10007304,'2023-01-22 15:20:19'),('192.168.146.1','2AAF086E31245D0448048946F2091065',10007304,'2023-02-16 09:51:31'),('192.168.146.1','2AD782784E78A2CA37392635344DB490',10007304,'2023-02-10 10:46:37'),('192.168.146.1','2F22B3E8EBE210243CA21B416C00506E',10007304,'2023-01-25 17:02:08'),('192.168.146.1','31E57387FD678AE2917F7A1F298B2F52',10007304,'2023-01-18 16:35:40'),('192.168.146.1','34B7959D0F6F39C1E82A271A1D156961',10007304,'2023-01-19 10:46:37'),('192.168.146.1','353C96B2DCEA52422AF8759B5FA5C737',10007304,'2023-01-16 10:49:12'),('192.168.146.1','37302A7326EEA0C34F1C4995729AA2E3',10007304,'2023-01-16 18:54:24'),('192.168.146.1','3F2731798CA5DE62C0296216DF937CBD',10007304,'2022-12-30 17:27:54'),('192.168.146.1','422A5ECB3614A6551A46698A4207EA2F',10007304,'2023-02-17 09:46:50'),('192.168.146.1','46CB2D73B2994C10BB8034A2DF08ED11',10007304,'2023-02-11 10:24:40'),('192.168.146.1','496AF66B4203CEF2D445967C7F184844',10007304,'2023-02-15 09:47:07'),('192.168.146.1','49BA20FB520A3001392CD822673FE5F9',10007304,'2023-01-16 12:17:51'),('192.168.146.1','4C464292F3BAF318D08E26A5B07D864C',10007304,'2022-12-30 16:57:20'),('192.168.146.1','4C755A84970F06E3071F57927EA4BBB6',10007304,'2023-02-07 09:46:28'),('192.168.146.1','5097332EC89E65B5D744263C44244B6A',10007304,'2023-01-21 10:45:41'),('192.168.146.1','51B7A388E7D3319D1F2545017C21D554',10007304,'2023-02-15 10:57:37'),('192.168.146.1','57BBA048A0FCB0592F82636C4248C3A0',10007304,'2023-01-18 10:23:51'),('192.168.146.1','59647738150F75EC659460FB549A8E77',10007304,'2023-01-21 10:02:43'),('192.168.146.1','5A57A0DEAD964063478161E7B6894A73',10007304,'2023-01-23 10:05:24'),('192.168.146.1','5FFBE4AE0027D0440317C11C1A581644',10007304,'2023-02-14 09:49:36'),('192.168.146.1','61A1E93688F4B04BE7B511DCC4DB2855',10007304,'2022-12-31 14:36:16'),('192.168.146.1','62490FE52BD10AD5393628538D55C206',10007304,'2023-02-13 10:18:36'),('192.168.146.1','631E0AA0FC5B8B2DE57DBE1F196CA411',10007304,'2023-02-09 16:43:24'),('192.168.146.1','6722CEC0216B65CC255D989B9DF4A591',10007304,'2023-01-20 10:02:04'),('192.168.146.1','6904222F9345530F71CCFD712C49F0E0',10007304,'2023-01-03 17:43:59'),('192.168.146.1','6F9173D0C991C80975FEE9F1BBCCC261',10007304,'2023-02-09 16:42:26'),('192.168.146.1','6FC56759EE0D40C9199360101F4E5957',10007304,'2023-01-18 12:16:58'),('192.168.146.1','7329F0B89E7587A0CBB15D47C981EA29',10007304,'2023-01-24 09:51:32'),('192.168.146.1','7336949F77885D422ED4D0EE5351A4C2',10007304,'2023-01-17 09:54:46'),('192.168.146.1','77C8F1E54A42BF9BBE49E04A794A83CA',10007304,'2023-01-10 10:02:53'),('192.168.146.1','790E440D65BAFBD29828EE577F6BC8AB',10007304,'2023-01-16 19:10:38'),('192.168.146.1','7BDCD0603E102352D69D0CA03DA15742',10007304,'2023-01-06 11:01:31'),('192.168.146.1','7BEE83EB8BAF97B2861732AC3F5960D4',10007304,'2023-01-17 18:56:14'),('192.168.146.1','820D07D267FFC8C2FA8D6A5CDF1420A6',10007304,'2023-01-10 10:14:46'),('192.168.146.1','834E216293F5013E45EAA3243F48333D',10007304,'2023-01-16 19:04:44'),('192.168.146.1','863BEE409C1B148C5384676039A2BE90',10007304,'2023-02-10 16:31:04'),('192.168.146.1','86C18AF2D5523404013770B6191587C3',10007304,'2023-02-16 11:32:41'),('192.168.146.1','8CBB5F82E6FADF8BB5E48D35CB9A7249',10007304,'2023-02-09 09:53:47'),('192.168.146.1','8EE81463EE73B69180AF52673845C975',10007304,'2023-01-24 17:08:56'),('192.168.146.1','8F6DE6F9B3B318CE789EE4CEA4160598',10007304,'2023-02-28 11:32:08'),('192.168.146.1','906D24F94ED95E55DE0BA1BE142F7F69',10007304,'2023-01-27 10:01:53'),('192.168.146.1','90D7C0D3B444D372043E264C4724A848',10007304,'2023-01-19 10:45:59'),('192.168.146.1','90FF2987C6AD2DD1B08809286571751C',10007304,'2023-01-17 15:46:42'),('192.168.146.1','92ECF6571031EA0AD64A721E3512365E',10007304,'2023-02-09 18:48:10'),('192.168.146.1','94913E7CE8FC7978D61B37F8DB414D38',10007304,'2023-01-16 17:39:23'),('192.168.146.1','9E6BFA582D472ABDAA02891E7A94E30C',10007304,'2023-02-18 10:04:04'),('192.168.146.1','9F892E7ADFB7F15D9FFC0D71126FCB9B',10007304,'2023-01-17 10:30:04'),('192.168.146.1','9F9805052F70614E2106FA2B78AE99A5',10007304,'2023-01-25 11:59:12'),('192.168.146.1','A2DC81891FFFA6B04688A6C5B659D863',10007304,'2023-02-13 16:04:26'),('192.168.146.1','A6C4B8C96F5E30AE089938E42089E797',10007304,'2023-01-17 15:46:05'),('192.168.146.1','A7DE6CF46BCCDBC44EC2376D8CAC1E3D',10007304,'2023-02-16 17:35:58'),('192.168.146.1','AE39EFA22394F8FDF394B60D1CD14C0B',10007304,'2023-02-08 10:50:02'),('192.168.146.1','AFBD4609CB5D34DF9E39BDEA7A2D550D',10007304,'2022-12-31 09:29:59'),('192.168.146.1','B2734E9BBE7EE889992D8CC5A94B3317',10007304,'2023-01-16 11:30:11'),('192.168.146.1','B2847CF4AE23EECAC54855E85396D9FE',10007304,'2022-12-31 15:39:38'),('192.168.146.1','B66C9C4BDF822B03D066253510DFD0F5',10007304,'2023-01-16 11:26:46'),('192.168.146.1','B6C7F2654ED90699FDD9034066C44B79',10007304,'2023-01-20 15:52:01'),('192.168.146.1','B71B6B332548F1468330A968485BFBB6',10007304,'2023-01-07 11:19:51'),('192.168.146.1','B80FC9E1AA932BF599800FFE46410483',10007304,'2023-01-17 09:58:00'),('192.168.146.1','BBCE1CECCCAFB0B489AEE928DA6B1CB4',10007304,'2022-12-30 18:32:04'),('192.168.146.1','BCB8C943D66FB6750B356163A5140B9C',10007304,'2022-12-31 11:00:55'),('192.168.146.1','C04D7BD31C8B7E4E600CD58440B8E81B',10007304,'2023-02-09 16:42:32'),('192.168.146.1','C11A87A3BE40D81A0A201315802FBEC6',10007304,'2022-12-30 16:58:33'),('192.168.146.1','C1BC0658DDE8193EBBF66BB74E134C00',10007304,'2023-02-16 11:30:58'),('192.168.146.1','C3AE7021BD85157C6D1741009F09123F',10007304,'2023-01-17 18:56:19'),('192.168.146.1','C53CB27C440E07AC45DF8491FF6CD6AE',10007304,'2022-12-30 16:56:45'),('192.168.146.1','C6058C33ACA21A61F1F204DF7D57E8D2',10007304,'2023-01-21 15:51:52'),('192.168.146.1','CA8832AF9C28AAE3F0B7AAAD93E65C4A',10007304,'2023-02-08 10:06:38'),('192.168.146.1','D0D316656E0BA53FD0ED8ABA3D3D3D0B',10007304,'2023-01-17 15:47:04'),('192.168.146.1','D3DD947A64BD9461E1F5766C95E2A3D2',10007304,'2023-02-15 10:49:17'),('192.168.146.1','D3F1EDE349F76E7911338DF05090E8AE',10007304,'2023-01-17 15:44:07'),('192.168.146.1','D6641FB93DC7EDCE1B7F84897E26514C',10007304,'2023-02-22 10:06:36'),('192.168.146.1','E29AC3122EF30B119251F63D4572EE4D',10007304,'2023-02-07 15:00:22'),('192.168.146.1','E3A0F3AB899BF4E384FE954C95516E22',10007304,'2023-01-19 10:04:08'),('192.168.146.1','E7071C0CBA3155C8A14CDBCD8D15DBEE',10007304,'2023-01-19 15:48:16'),('192.168.146.1','ED8202478E5A25D3C99D5EBE5716EFEB',10007304,'2023-01-17 15:44:11'),('192.168.146.1','F0B731A1B7DF426136DCAB9F7CD767F6',10007304,'2023-01-17 15:44:31'),('192.168.146.1','F3D003848A81861ACA4FCCE1B2CED04D',10007304,'2023-01-16 11:22:29'),('192.168.146.1','F6FFD844763DE01434B7FE613BAA129A',10007304,'2023-02-04 11:02:13'),('192.168.146.1','FC03E4C081D8E4DC52327D66BF90D973',10007304,'2023-02-08 15:56:27'),('192.168.146.1','FCEC70E56273E44640DB6B6074A385BF',10007304,'2023-01-06 10:47:12'),('192.168.146.1','FF3E1FE998A83EC7B0BD45F59765A29C',10007304,'2023-01-28 12:37:53'),('192.168.146.1','FF456D7112CDF2E5F7C77DCE2AC9931C',10007304,'2023-02-21 09:48:49'),('192.168.148.33','2C825B7E6B70941084CAF10B71391C27',10007304,'2023-04-14 11:39:28'),('192.168.16.144','47FC3CBDFD78343C584A1690CE409777',10007312,'2023-02-07 16:01:44'),('192.168.16.144','4A438E506AFA0681F87A004A4B50D856',10007312,'2023-02-07 15:24:32'),('192.168.16.144','5B7BEFCB105E3B589573984B14F84394',10007312,'2023-02-07 16:49:09'),('192.168.161.189','1FAF59CFAA6B27A12D8FE7E7B2413119',10007304,'2022-12-23 21:53:09'),('192.168.161.189','6135B5CDA04161E01B94861B82ECDE35',10007304,'2023-01-05 10:10:40'),('192.168.161.189','816E2512692D67E056255287CE9ACEC5',10007304,'2022-12-23 21:53:03'),('192.168.161.189','D37282180CB519CB463EE5A2998FABAE',10007304,'2022-12-23 21:54:03'),('192.168.167.144','1F033E0E1A8B23B543221BE56EACACB7',10007312,'2023-02-11 13:23:12'),('192.168.167.144','9F5F0881B453A8E6683CFE80C3A03FEC',10007312,'2023-02-11 11:51:21'),('192.168.167.189','000B60B77DFF91675CF09EF64EF4FF6C',10007304,'2023-01-11 10:05:46'),('192.168.167.189','010E486C0C2629254222D44CB33D9805',10007304,'2022-12-20 10:26:31'),('192.168.167.189','026151EB9757E555DF031CB21C4774F3',10007304,'2022-12-26 16:44:13'),('192.168.167.189','043FB0BDA292DF9F43D4F8D8DBD768A0',10007304,'2023-01-14 15:25:04'),('192.168.167.189','044B94302EFCBCB53AC06BA43EE69BE3',10007304,'2023-02-21 14:26:06'),('192.168.167.189','04A707A5EE36B003D3F4CA15262B1235',10007304,'2023-02-21 18:24:52'),('192.168.167.189','060C51C75709FF5E5F9890A615A3CDFE',10007304,'2022-12-22 17:25:32'),('192.168.167.189','0698BE45332BEEE07F5163E0AB2C1979',10007304,'2023-02-20 18:29:28'),('192.168.167.189','070EFA14F6AEF5472F79938456B17523',10007304,'2023-02-22 11:17:59'),('192.168.167.189','07A156286AEA961655B225BFF49BE09C',10007304,'2023-01-02 18:31:07'),('192.168.167.189','07D0DBAF4E35AE60E2EFBDB036B9C7AB',10007304,'2023-01-24 18:08:25'),('192.168.167.189','086C9D42296CD9859FACD1D0726F672F',10007304,'2022-12-28 13:57:09'),('192.168.167.189','08E276AC17CE4EF10DCCA1148860F733',10007304,'2023-02-02 13:54:29'),('192.168.167.189','09A05A170EC5C6AB7E0BCC4192671F3E',10007304,'2023-01-03 15:34:34'),('192.168.167.189','0B501EE53F68BB7940B9F9C5B7267133',10007304,'2023-02-08 09:40:41'),('192.168.167.189','0B8ADA685A8E75FDB60ED9E1D6905E0E',10007304,'2022-12-20 09:37:49'),('192.168.167.189','0B9FE3EDE8A96952DF9E396BAC3929D7',10007304,'2023-02-04 09:41:56'),('192.168.167.189','0CF128FA31194D602E0D6DDDDFB577F7',10007304,'2023-02-03 17:17:02'),('192.168.167.189','0D1D427F36D0ED4FD5FB4C30778ED351',10007304,'2022-12-24 14:27:55'),('192.168.167.189','0D31DF1C40B96E953F77D9AFB3FA3EEC',10007304,'2022-12-24 15:38:10'),('192.168.167.189','0DD8561AF844F1554FFC0A03036F7D4C',10007304,'2023-02-20 13:32:14'),('192.168.167.189','0E6C9ECB2E6C53230F755AC0389184F1',10007304,'2023-01-24 17:43:56'),('192.168.167.189','0E91AACFB7EEF227827B4F9998CAF53A',10007304,'2023-01-05 16:32:02'),('192.168.167.189','0EB2E8F0B08CA041A27F9CA8DFA5E7B7',10007304,'2023-01-13 13:26:59'),('192.168.167.189','0F301B69576118B43454508411BA2546',10007304,'2022-12-21 13:53:18'),('192.168.167.189','0F5726FA7BC053B4A78137D6B7322F4F',10007304,'2023-02-17 17:05:22'),('192.168.167.189','0F61EC5265EAD393B55CE4E80ADCB9A5',10007304,'2023-02-27 09:33:31'),('192.168.167.189','0FBAF40AAD3A72AA66249C1972D4ED8F',10007304,'2022-12-22 17:19:56'),('192.168.167.189','129C69AF19A8258F8772E18B3B48BA71',10007304,'2023-02-15 15:12:36'),('192.168.167.189','1367AA064D35C9D61593BC616E267F08',10007304,'2022-12-19 17:02:45'),('192.168.167.189','14C3E0364E298F81C47227ECD523F52E',10007304,'2023-02-14 10:03:14'),('192.168.167.189','151BDE67396291F7C3706F552893E20D',10007304,'2023-02-03 09:47:10'),('192.168.167.189','169007EEE2E6D5C8866B8C058DCBA936',10007304,'2023-02-16 12:33:34'),('192.168.167.189','172DC07B671F0A643FCBD8D9B16A9C3B',10007304,'2023-01-30 12:59:51'),('192.168.167.189','1761619DFDE1A1AE4192B691E17EE395',10007304,'2023-01-05 15:09:17'),('192.168.167.189','1942038005CA480E95017B36E3F3F4C0',10007304,'2023-01-04 12:22:10'),('192.168.167.189','1984F49A1378EB5294FD190A8EFC41D5',10007304,'2023-01-28 12:29:31'),('192.168.167.189','1A109CBB8BD677892401A43ED92222D3',10007304,'2023-02-16 11:04:22'),('192.168.167.189','1B292D068AFCDBFAC76FD54654245CA3',10007304,'2023-01-28 11:29:34'),('192.168.167.189','1C1C7B003E9E51A95933D170FDB98504',10007304,'2022-12-22 17:26:15'),('192.168.167.189','1C3BE9813B87D43898BFBD0FD7FE9D0A',10007304,'2023-01-23 12:06:53'),('192.168.167.189','1D69AB94AE4B8CE8055637FBB64F4A5C',10007304,'2023-01-12 15:31:53'),('192.168.167.189','1D8F231FFF021E304CEE91177850FFCE',10007304,'2022-12-19 16:35:21'),('192.168.167.189','1DD80CC1F4C8970528B99A9A25FE5CAA',10007304,'2023-01-05 12:35:02'),('192.168.167.189','1E111FEBE58B831249A51817CFA4BEEA',10007304,'2023-02-17 18:50:07'),('192.168.167.189','1E1E855F3CDF89A81F780ADCE26344FD',10007304,'2022-12-23 10:08:07'),('192.168.167.189','1E5EA6C710BF055D5BF4B3C81A55E4EB',10007304,'2023-03-02 18:21:16'),('192.168.167.189','1FAB9FD7CA8496A71BD0E1ADB1281F6F',10007304,'2022-12-23 18:55:25'),('192.168.167.189','20B8FDF7A517FE44609CC43DEFA90FF9',10007304,'2022-12-28 17:10:35'),('192.168.167.189','20E3030A5D0154E577318E95A580118A',10007304,'2023-02-13 17:32:21'),('192.168.167.189','21006E557F15633B823515811EBA8402',10007304,'2023-03-04 13:35:11'),('192.168.167.189','215A414C73C5C3AE353E4AF034F6AABE',10007304,'2022-12-30 09:34:40'),('192.168.167.189','22AEC65C325C97D8AD1D9B80486E95FC',10007304,'2023-01-05 16:00:44'),('192.168.167.189','246E49CD35AE3BB05515011014728265',10007304,'2022-12-30 11:41:01'),('192.168.167.189','25E27C4658CFD8F56E4D02E9176A708B',10007304,'2023-01-24 10:19:31'),('192.168.167.189','26AAF0DBAB292DD74A208B57A449B0DA',10007304,'2022-12-19 16:37:00'),('192.168.167.189','26B5B1F698F4016B9EE53E6F6AE466E1',10007304,'2023-01-11 13:51:36'),('192.168.167.189','27B66372D76C6FDB57D91D032E9A6AD6',10007304,'2023-01-27 11:24:54'),('192.168.167.189','27C5A587503FE1F446D6DB9DE00B0448',10007304,'2023-01-28 11:21:31'),('192.168.167.189','27DCF600897720376AE20AC252AEE5C5',10007304,'2022-12-19 14:50:41'),('192.168.167.189','28B6B40847D128761175404E821FFFD4',10007304,'2023-01-24 10:09:19'),('192.168.167.189','291695430EAB525AEC1EDD6EFCAA8578',10007304,'2023-01-23 17:17:20'),('192.168.167.189','2928666CD643BFD2EA50FA8D484C7AAB',10007304,'2022-12-22 17:07:43'),('192.168.167.189','2B8A483BC38F30B17958B6627D4EA56F',10007304,'2022-12-20 18:34:14'),('192.168.167.189','2D997C14403E8309671EF77341A4A9CB',10007304,'2023-01-02 11:58:12'),('192.168.167.189','2F7116A6CC8D5152FAA8B1AE0BA52AEE',10007304,'2023-01-31 13:51:27'),('192.168.167.189','2FEAE27B8DE0FE6597681733E5C750BC',10007304,'2022-12-28 14:54:25'),('192.168.167.189','3016097656D776F1EF45B4D760A536DF',10007304,'2023-01-10 15:37:41'),('192.168.167.189','315A3176E5197774016A14AD219D3C4D',10007304,'2023-02-13 14:54:43'),('192.168.167.189','33D4E993D121CB2E2DD3A9ECDC323358',10007304,'2023-01-11 15:38:02'),('192.168.167.189','33EE49CFD0A748D69B49A956B07CE429',10007304,'2022-12-28 09:41:30'),('192.168.167.189','33FEC21567469FAA316C9FE5E6724160',10007304,'2022-12-26 10:42:09'),('192.168.167.189','340A71E1FDBEC657BE8B64F696A990CB',10007304,'2023-01-05 09:41:11'),('192.168.167.189','3498703D2F0838B8F8968CF1A36E88E6',10007304,'2022-12-21 11:13:43'),('192.168.167.189','34CFD269E0FF2EC577F0A281561DF33D',10007304,'2023-02-16 12:35:04'),('192.168.167.189','34FAA8B6351DFFF1D79803D3242AA0AA',10007304,'2023-01-24 17:00:01'),('192.168.167.189','351567E7B2415BDF089D651C023C72FA',10007304,'2023-01-11 15:26:36'),('192.168.167.189','35B77DEF08E0EC45D8E768D2B61F99B5',10007304,'2023-02-02 09:36:18'),('192.168.167.189','368CBC552EFF560DDF0B0428807D8D64',10007304,'2023-01-23 12:50:31'),('192.168.167.189','36B71717D154ADFBC0097216AD2E31B2',10007304,'2022-12-19 09:38:30'),('192.168.167.189','36E3C1F009B287EF9838BF9C037608BF',10007304,'2023-02-03 17:25:30'),('192.168.167.189','380054623E593A4C02BC7EEF532E1FAC',10007304,'2023-01-12 13:50:55'),('192.168.167.189','389386AC049CF8C6C3E7BD3E5B8485A8',10007308,'2023-01-23 17:10:46'),('192.168.167.189','389962D5F08385F07ADA827ECFAD9391',10007304,'2023-02-24 15:37:43'),('192.168.167.189','3A06CF538351953984E629974C605CD1',10007304,'2023-01-03 17:48:26'),('192.168.167.189','3A9B0F190381385722EFA703AFA1D997',10007304,'2023-02-15 09:36:37'),('192.168.167.189','3C41629BEECE8CC51D2360910837F164',10007304,'2023-02-15 18:32:37'),('192.168.167.189','3C916F36BF8800A73160155EBEF25700',10007304,'2023-01-11 09:37:11'),('192.168.167.189','3CBDC6BB34B2B1B426BCEF59C1708DC9',10007304,'2023-01-03 17:43:44'),('192.168.167.189','3CC497B5F5D5162F484470B629D897E0',10007304,'2023-01-28 16:41:14'),('192.168.167.189','3D15F9F869EA234797316D1FACE91D20',10007304,'2023-02-11 11:31:28'),('192.168.167.189','3D1891FB254817627E5EB3FBE9E48EDB',10007304,'2022-12-24 10:47:56'),('192.168.167.189','3D24193117709891DDA231D20AA89AA3',10007304,'2022-12-23 17:12:09'),('192.168.167.189','3EF99034B39DEDCABB050C1B1A4158D4',10007304,'2022-12-24 11:48:51'),('192.168.167.189','3F407CF8062272B3F4222656516A83A1',10007304,'2022-12-24 09:37:28'),('192.168.167.189','40E9D3864F470C325DB7AF3342DC4D7B',10007304,'2023-02-21 17:54:23'),('192.168.167.189','40FBCF0D0415AEAA408FA47523AF58ED',10007304,'2023-01-03 11:30:37'),('192.168.167.189','42725848FC7B607FF14F6331B600D273',10007304,'2023-02-13 10:11:52'),('192.168.167.189','42994F969F56B7EBEE396B237BC4FE14',10007304,'2023-03-04 14:37:47'),('192.168.167.189','46C099A278887709D1EBC9FBF8B3E9EE',10007304,'2023-02-14 11:08:49'),('192.168.167.189','46F2E2AB0326FCBA7D4F84DBDC15392F',10007304,'2022-12-22 15:56:33'),('192.168.167.189','47ACAB31C390F603D12A464D8EFBC2FA',10007304,'2023-02-11 10:34:08'),('192.168.167.189','47FF42AB0F2E06D78368DADF221C1077',10007304,'2023-01-05 12:24:39'),('192.168.167.189','48D9BBB11F80620E87417A3450D3390B',10007304,'2023-02-23 09:37:36'),('192.168.167.189','4B3460FF63B2606583A6D4C6AF703FBA',10007304,'2023-01-05 12:39:12'),('192.168.167.189','4B620EC02412B3950F28FA82753CE764',10007304,'2023-01-05 15:56:49'),('192.168.167.189','4BFD45C22AC7CF87BE0D7579BB3D4C1D',10007304,'2023-01-13 14:32:05'),('192.168.167.189','4C2234CCD2CE1F8BD64824EBAA51B676',10007304,'2023-02-21 20:06:45'),('192.168.167.189','4C626362D1408CB4CFD0A2BEA39ED0DA',10007304,'2023-01-02 16:31:25'),('192.168.167.189','4CEB8C11C34DF5141E405D1BFAE46379',10007304,'2023-01-27 09:56:42'),('192.168.167.189','4E66661262A13BEC2C73E98CFF347303',10007304,'2023-02-13 09:45:27'),('192.168.167.189','4E9F020F6CF66C206DAC7F24F54365F7',10007304,'2023-01-31 10:45:09'),('192.168.167.189','4ED4C1B631B332DACA8C1D2AD7E03861',10007304,'2023-01-02 16:26:43'),('192.168.167.189','4F9E2BEBEEEBB62FF392780F5CF33B16',10007304,'2022-12-28 10:53:21'),('192.168.167.189','50C31BEF8663147FC33F856712674CA6',10007304,'2023-02-24 15:37:45'),('192.168.167.189','5273358009BD3E212C0812093B267793',10007304,'2022-12-22 17:25:29'),('192.168.167.189','54DD13972B8F63C7F90FB318C7817ED3',10007304,'2023-01-30 13:27:43'),('192.168.167.189','55D3D281B36323945C694367955175AC',10007304,'2023-01-14 15:39:49'),('192.168.167.189','55DFEDCB5A4D122A524AE59BE2CC16DC',10007304,'2023-01-23 11:52:41'),('192.168.167.189','5606D41A2996C78F05FBAF0BAD2348C4',10007304,'2023-01-24 16:59:44'),('192.168.167.189','565890D57314E23D381E2210DF664E74',10007304,'2023-01-03 15:27:02'),('192.168.167.189','56E5F6D7EF22EA9BD2FD3D471FD476E8',10007304,'2022-12-24 10:45:56'),('192.168.167.189','57F92CD11D97D8B6869147A69E40299E',10007304,'2023-01-04 12:31:14'),('192.168.167.189','58047193DF8ABEC88CB0B244E4322051',10007304,'2023-01-11 15:41:12'),('192.168.167.189','59033685A4E19648644CDB3DE6991C36',10007304,'2023-01-05 12:58:38'),('192.168.167.189','5970384018FC63064A19F3A2F3A95EA4',10007304,'2022-12-24 15:06:18'),('192.168.167.189','5A02A7C7B6F7DC596DA7BBEA418F7DC9',10007304,'2022-12-19 16:07:12'),('192.168.167.189','5A9E00E908021E0D65DBD96D792C33D1',10007304,'2022-12-24 12:18:31'),('192.168.167.189','5AA738E61F9419A5A2562C9B6BF996AC',10007304,'2023-02-17 11:57:20'),('192.168.167.189','5DB10509FDAFA074BC267F283AD04E09',10007304,'2023-01-11 15:38:00'),('192.168.167.189','5DD332F7CC8A073BF0EF918D3F4E7EDD',10007304,'2023-02-14 18:00:33'),('192.168.167.189','60272854F154FB833F53293DC5E2DDA9',10007304,'2023-02-22 09:55:31'),('192.168.167.189','60343EB2EBCAD9CCA22936DB2AF12417',10007304,'2022-12-21 09:39:11'),('192.168.167.189','60F08BCACBB93FAF3D35AA49FAFD375C',10007304,'2022-12-26 01:11:45'),('192.168.167.189','61313356A9BB98DCE968B9A89D8A5BA0',10007312,'2023-01-23 18:29:00'),('192.168.167.189','618807A13352AB0B4E150D23100DE11C',10007304,'2022-12-24 15:15:21'),('192.168.167.189','62A9D0E7859327394E0592798E99923D',10007304,'2022-12-24 12:16:29'),('192.168.167.189','63442317A278317529D48625801A55CD',10007304,'2023-02-16 17:36:42'),('192.168.167.189','636D5E0F9E8F88977FB9B83CCC075A7C',10007304,'2023-01-05 15:56:47'),('192.168.167.189','63F563B07FE79E2417AB7AC84BB51D2B',10007304,'2023-01-13 16:18:02'),('192.168.167.189','6471E618614F22A37007CD18EC4E3507',10007304,'2023-02-21 12:21:13'),('192.168.167.189','64CBC0254BF38F20292C94D97A59D04B',10007304,'2022-12-26 16:14:25'),('192.168.167.189','64EBD6E1FC4CE5568A6B43462CB1EA47',10007304,'2023-01-31 10:55:32'),('192.168.167.189','650874930DADAB7CE4C4583A5E3BB1C9',10007304,'2023-01-23 12:06:59'),('192.168.167.189','66228753363A07776E2064AE74A9CF46',10007304,'2023-01-03 14:07:47'),('192.168.167.189','66D15A821564C03D3DA48C1CAC2FE10D',10007304,'2023-01-03 11:30:34'),('192.168.167.189','66E61782A677EC80598C3E661A7B33FE',10007304,'2023-01-28 12:29:40'),('192.168.167.189','6857EB19867A1DFE1809B9FF359EF36B',10007304,'2022-12-24 15:16:55'),('192.168.167.189','692B0BB7B984486E066EDAF5BD0F9F15',10007304,'2023-01-03 17:09:58'),('192.168.167.189','69F6BDB890C30B2478F120A590F84EE3',10007304,'2023-02-20 09:23:00'),('192.168.167.189','6B5A5347E1C44E64F19C12568995B539',10007304,'2022-12-19 18:01:34'),('192.168.167.189','6BD074973FBD857A1CA90B4A6BFEDA9F',10007304,'2023-01-31 09:41:28'),('192.168.167.189','6BDF89CE5CC1636A0B5109675AC02646',10007304,'2023-01-23 11:57:04'),('192.168.167.189','6C93B8E76DF1250A0CC4FD1C02CB7F31',10007304,'2022-12-30 10:11:33'),('192.168.167.189','6D28E2E8D77719A64A4F0D0717A52B99',10007304,'2022-12-27 09:36:10'),('192.168.167.189','6E95908C97E4072ADDD5D20C62E2DA20',10007304,'2023-02-21 10:47:08'),('192.168.167.189','6F8A856931D6CFD34A88EA732D8583F6',10007304,'2023-01-03 13:53:22'),('192.168.167.189','6FAF12E8F3B51E2289BE29955985404F',10007304,'2023-02-28 16:53:43'),('192.168.167.189','6FF77E41FC41F768A89FA337E1F36845',10007304,'2023-01-10 17:12:49'),('192.168.167.189','7059F83CB9ECBD01F1FACF827AA4990D',10007304,'2023-02-11 10:42:23'),('192.168.167.189','70CBFA6663C7910B3FC8236F577D7B43',10007304,'2022-12-30 15:51:26'),('192.168.167.189','71A96A2BD219D272DCB080817726F240',10007304,'2022-12-31 11:44:28'),('192.168.167.189','72507B8A56BC7D09D6A935CEDAA7F926',10007304,'2023-01-02 16:31:21'),('192.168.167.189','74B05A3D60A2B867F9103FC92F3AFECF',10007304,'2023-01-13 13:22:52'),('192.168.167.189','7556FA3A42A0B275F831D5FD95CD03E3',10007304,'2023-02-22 11:12:34'),('192.168.167.189','757DA1F4F818CFA84EDE9EC2E51A61F2',10007304,'2023-01-11 15:00:00'),('192.168.167.189','75B4875A977B56285A302B18E396D87C',10007304,'2023-01-23 12:07:06'),('192.168.167.189','76385CD7B012325141D667C327F1BFB9',10007304,'2023-01-11 15:57:09'),('192.168.167.189','768E6E8658314506B9AF4156CD65B560',10007304,'2023-01-12 13:19:31'),('192.168.167.189','773BBF30B37EF825D88C62E7F56CBE89',10007304,'2023-01-05 15:47:24'),('192.168.167.189','77F723EA89C1DCF1B3E5D144502E308A',10007304,'2023-01-11 10:04:48'),('192.168.167.189','79686951E6B9A26A76829C362FB1E349',10007304,'2023-03-01 18:15:15'),('192.168.167.189','79C12B384556537492EB41A1998C60A7',10007304,'2022-12-31 13:29:00'),('192.168.167.189','7AB3D4017DFB8FE1E152AAA8B1A8FAE2',10007304,'2023-03-01 09:40:17'),('192.168.167.189','7B4404B14A44E5FA796955D2AC667AE6',10007304,'2023-01-13 14:23:56'),('192.168.167.189','7BA24E1CB07A11162CA39DA26BAFCFF8',10007304,'2023-01-24 16:24:22'),('192.168.167.189','7BA773DC1445469E98E525FE85ECC8AE',10007304,'2023-02-01 14:46:28'),('192.168.167.189','7D1E89F7FCD784E8694BDDF04ACB7C48',10007304,'2023-01-27 18:30:33'),('192.168.167.189','7D636352DFF42E49249D1BEB5A94A79D',10007304,'2023-01-02 11:51:27'),('192.168.167.189','7DB46EF4E17D90226D5443F595407ADA',10007304,'2023-02-01 09:31:20'),('192.168.167.189','7E58C1958F5E4E857A36A4CFCFD6ED39',10007304,'2022-12-28 18:06:01'),('192.168.167.189','7EA54274B44B9A93551F1E77E4F3EBDE',10007304,'2023-02-15 13:12:50'),('192.168.167.189','7FAF3B7FBA137DC8BA5F0BF9EBBDEF05',10007312,'2023-01-23 17:45:51'),('192.168.167.189','7FDDB9CB9468F2A60061E44700C3034B',10007304,'2023-01-27 18:28:30'),('192.168.167.189','7FE294876C44BDFBB656017F888795FC',10007304,'2023-01-31 13:51:31'),('192.168.167.189','8068C3095B3C869E39929267DEBA62D5',10007304,'2022-12-31 09:38:23'),('192.168.167.189','806B55965745974F03B8902B35B2D083',10007304,'2023-03-01 10:50:23'),('192.168.167.189','810185795A5FBB216ED6F42D700E7B85',10007304,'2023-02-23 17:39:07'),('192.168.167.189','8104CAE5209D6F5F393269F2E54D19BA',10007304,'2023-01-23 14:34:19'),('192.168.167.189','835CBD14F31F46374FA214E895D0E872',10007304,'2023-01-24 13:10:08'),('192.168.167.189','8403EED95DD293BB02DAD5F947BF05A3',10007304,'2023-02-25 17:14:02'),('192.168.167.189','84787BD63F7B07AC643215C91FC42FA0',10007304,'2023-01-05 12:09:31'),('192.168.167.189','847D513772021579A0DD72A2E354E7FD',10007304,'2023-01-03 15:42:21'),('192.168.167.189','8483E158EFE49E5E80949BEDB885101D',10007304,'2023-03-01 11:58:55'),('192.168.167.189','864E510BCF1EF190B39DAFE944382249',10007304,'2023-01-05 15:40:50'),('192.168.167.189','8656ED4A9EA8F428F6D3CFD6F44FC7DD',10007304,'2023-01-03 12:29:45'),('192.168.167.189','886510DAFDD9837020C3B89648FDD342',10007304,'2023-02-16 10:14:58'),('192.168.167.189','89D8643D21A3BCBB7B353B89B5CDFBE6',10007304,'2023-01-30 12:59:01'),('192.168.167.189','89F2898FD3B4A5FF0980850DA56493A3',10007304,'2023-02-03 12:16:20'),('192.168.167.189','8B74F04ED587432A695A3BEC1512D43E',10007304,'2022-12-26 01:10:41'),('192.168.167.189','8B9AD9090D88A522CF499806913B538C',10007304,'2023-02-20 09:23:00'),('192.168.167.189','8C119DFC063B4B7CFD1D397CD21976D8',10007304,'2022-12-24 10:41:49'),('192.168.167.189','8CA1AD73CE4593CFE04715E0AC83B407',10007304,'2023-01-27 13:28:42'),('192.168.167.189','8CFEB9260A40E148FF9E116051A62F0A',10007304,'2023-01-24 17:00:01'),('192.168.167.189','8D82650F6EAB4B091289AA8F76EA314A',10007304,'2023-01-02 09:33:49'),('192.168.167.189','8DF5FDEA041486FD3DE65C51C5D0B9F9',10007316,'2023-01-24 11:49:45'),('192.168.167.189','8E3E994BD26D1EA5C93FC210CBB286D4',10007304,'2023-02-28 17:59:50'),('192.168.167.189','8ECA0EA9F0DD7BBDD777901FD045DC54',10007304,'2022-12-24 10:48:05'),('192.168.167.189','8F66DF1D0FB0004ACA486D59F7735DBF',10007304,'2023-01-23 13:30:38'),('192.168.167.189','906E66ECAB9786E3AA1B05E735EF7B82',10007304,'2022-12-24 12:54:34'),('192.168.167.189','90B78A4EA1F69C027DCEBC2B8B9CE138',10007304,'2023-02-25 12:02:44'),('192.168.167.189','90DCB7773F0FE93A7AD65727310A0867',10007304,'2023-01-31 16:21:34'),('192.168.167.189','91007E2FBDCB754D0C00058F76AB30E1',10007304,'2023-01-27 09:57:13'),('192.168.167.189','91FAE45FA69D32EB26AE8668051CA7F7',10007304,'2022-12-23 10:09:41'),('192.168.167.189','923DFFC34ECC21542FE1896263EF2E31',10007304,'2023-03-01 12:16:16'),('192.168.167.189','926AC2F92290B3BF546EBEAAB69D5099',10007304,'2023-02-04 16:34:07'),('192.168.167.189','94C260CD1C34513207D1DA620C48DB94',10007304,'2022-12-27 13:19:40'),('192.168.167.189','9552EF1C013B64D0C3E37F7D62DCA2EE',10007304,'2022-12-24 11:50:47'),('192.168.167.189','9748B450F79EC10172007DA2BD9000A3',10007304,'2023-01-10 10:49:32'),('192.168.167.189','975FD464669381E4B1121FF61AB8B818',10007304,'2023-01-27 13:50:31'),('192.168.167.189','976B24D596A10011CAC8F044C9717019',10007304,'2023-02-01 10:09:46'),('192.168.167.189','979355E6F9BDE3918F3B2CC0130DB400',10007304,'2023-01-05 16:07:58'),('192.168.167.189','979A0E65409F250F52E67AF5FB6ECA86',10007304,'2023-01-05 12:24:37'),('192.168.167.189','97DFBAED2018C575AD19FEA505C095C4',10007304,'2023-01-24 12:20:37'),('192.168.167.189','9820A3F1E7A1201AAB4665C90BC19A83',10007304,'2023-02-22 11:09:40'),('192.168.167.189','992C2B309A8861C24E585B12485F1041',10007304,'2023-01-27 18:34:44'),('192.168.167.189','99837C5D27E9DCF014DD59992DE7EDD2',10007304,'2022-12-20 11:49:31'),('192.168.167.189','99AE348B6C1FAC7767A94C822C7AD900',10007304,'2023-01-04 09:39:38'),('192.168.167.189','9A5E6EF6B47FA2D2D9BD1F6B3E15C920',10007304,'2022-12-20 18:57:21'),('192.168.167.189','9A96332F085015D846E73B5C50C7F5DB',10007304,'2023-01-23 11:54:17'),('192.168.167.189','9AC712C73804C58D82CABB728B1903EC',10007304,'2023-01-24 15:30:10'),('192.168.167.189','9AE572D9C3BAE3A3B47E69B04DDAE7CA',10007304,'2023-01-30 09:45:11'),('192.168.167.189','9B03489DFE9A2FCEC4C5A0445192AEAA',10007304,'2022-12-24 14:35:38'),('192.168.167.189','9B3F5E5C589C6B362179DC8FF1BFF95D',10007304,'2023-01-10 09:49:57'),('192.168.167.189','9BD1C0E7C19E00AB6B0C993E81CBD9C7',10007304,'2023-02-16 11:14:13'),('192.168.167.189','9D0D7DB5FB73BB50E89D994FF6835E7C',10007304,'2023-02-11 10:12:51'),('192.168.167.189','9E7B4CE03DD372F61330A84E9683C24B',10007311,'2023-01-23 17:43:07'),('192.168.167.189','9F434269BA57F4CE874CEEC943B2ED10',10007304,'2023-01-05 12:37:18'),('192.168.167.189','9F9BA8B8187B5D3383D6D6FA927982B8',10007304,'2023-02-06 15:59:18'),('192.168.167.189','A0A4DEAA8E48466CB94F965BF273BC98',10007304,'2023-01-24 18:21:38'),('192.168.167.189','A20962DEB8A7881D3A80FB1E2981E098',10007304,'2022-12-24 15:39:00'),('192.168.167.189','A221034BB8EDA22EC8405E0C3FB00D3D',10007304,'2023-01-24 17:21:48'),('192.168.167.189','A282312578D70F75EA4948AEEAC0A44B',10007304,'2023-01-11 12:06:18'),('192.168.167.189','A2CAFD59C5815F0FC5C4A62E617A0BA8',10007304,'2023-02-23 09:48:55'),('192.168.167.189','A520D27D5257AA5F63DB6C33F73FD306',10007304,'2023-01-13 13:32:35'),('192.168.167.189','A5326308271531305BA9A9E927949412',10007304,'2023-02-17 09:44:35'),('192.168.167.189','A55050B4908D1FE10A9A376BC000A895',10007304,'2023-01-05 12:32:46'),('192.168.167.189','A5D1383B5199FECA4669D733D6948484',10007304,'2022-12-24 15:36:34'),('192.168.167.189','A6ED302480CF4DA7CF43F1AE13B649CB',10007304,'2022-12-30 13:40:47'),('192.168.167.189','A6FA1967DCC500B6D265EFE56AA8A9EB',10007304,'2023-01-11 17:37:30'),('192.168.167.189','A7A13C23A40BD66F6602BACE93680AAE',10007304,'2023-01-05 09:51:53'),('192.168.167.189','A8949C9544DA8D8105107480937A8461',10007304,'2022-12-26 01:14:11'),('192.168.167.189','A8ED7C1DF4D3322A543478B0471B7A45',10007304,'2022-12-21 13:53:18'),('192.168.167.189','A9B96B19B74D7D9E4158959ECDA35131',10007304,'2023-01-23 14:53:22'),('192.168.167.189','A9DDEC35C61B72377C984F9CD43A6BF6',10007304,'2022-12-23 11:50:44'),('192.168.167.189','AA7F836C98E8EC57D4D453159A0C9F4C',10007304,'2023-02-24 09:34:05'),('192.168.167.189','AB32038CDC95EEDEE4F05E386D1ED096',10007304,'2023-02-27 11:48:45'),('192.168.167.189','AD555EF424EDB0BF7F3E4B6575615EC6',10007304,'2023-01-02 11:03:54'),('192.168.167.189','AD8A732AE30B2845FC6673E3D3B1C190',10007304,'2023-01-10 09:40:03'),('192.168.167.189','ADEC3969AA2E34EF78207B465ED20DD2',10007304,'2023-02-13 15:01:05'),('192.168.167.189','AE1542F71F4292FAE08F5BC16125DADB',10007304,'2023-01-05 16:11:48'),('192.168.167.189','AEC3FE1B7981DFD9AAE9632EE2194D32',10007304,'2022-12-26 02:29:59'),('192.168.167.189','AF0B9866E5C36F81CDBC134E102B69B3',10007304,'2023-02-16 11:12:59'),('192.168.167.189','AFFE18E48527D358EF67536277DBD4A7',10007304,'2023-01-05 16:32:33'),('192.168.167.189','B07FAA08B489F1AA660355590429D4A4',10007304,'2023-01-24 14:17:58'),('192.168.167.189','B082284AD81284109E4B1C798BB752ED',10007304,'2022-12-23 10:07:13'),('192.168.167.189','B43C8D0C0ED442C3932BCE71F86A9FC4',10007304,'2023-01-05 12:24:39'),('192.168.167.189','B4B9F6D577437D623F36D56AF1ADE6B3',10007304,'2023-02-21 17:42:05'),('192.168.167.189','B4DE0C1B3E83032DB82F7254E461F90A',10007304,'2023-01-10 18:03:57'),('192.168.167.189','B4F760EF18D961EFEDB1093399DA0828',10007304,'2022-12-20 10:27:59'),('192.168.167.189','B64A4B338227D46261870352AFF2D270',10007304,'2022-12-27 17:39:34'),('192.168.167.189','B662F4670EA70C0CB3D745965A5350D1',10007304,'2023-02-24 16:10:18'),('192.168.167.189','B6A6716D1438F0627483BF6445A231F2',10007304,'2022-12-24 15:48:38'),('192.168.167.189','B762580A89C679713E090C257421B409',10007304,'2022-12-20 13:02:51'),('192.168.167.189','B78DBF25BCA3A8C02227A5932F95F0AE',10007304,'2023-02-23 12:29:27'),('192.168.167.189','B86F2327535BE5FB6CA7AB3249C0A5C2',10007304,'2023-01-23 15:43:24'),('192.168.167.189','B8B4D8376B9A807D464A456985153255',10007304,'2023-01-04 12:38:50'),('192.168.167.189','B9B3D44AA83AC2B92665E6297C3975D3',10007304,'2022-12-27 13:18:25'),('192.168.167.189','BAAAE29842F7EDAEDDB6D81DC5709255',10007304,'2023-01-05 09:37:30'),('192.168.167.189','BD470317B4B72F47D7E6262BA8E1F785',10007304,'2023-02-14 11:02:28'),('192.168.167.189','BD4C7ABA2F5EF3FFB9DA6A939831C79B',10007304,'2023-02-16 10:38:18'),('192.168.167.189','BDB99535CBB4477FF0EED5D6F63E215F',10007304,'2022-12-20 15:07:20'),('192.168.167.189','BDC2ABDFD2523537321A13FE3A6C532A',10007304,'2023-02-22 11:14:25'),('192.168.167.189','BE8EBE496E53E9A4BC3145BD204FBD96',10007304,'2023-01-31 10:45:07'),('192.168.167.189','C0C019914F68EB7BB283C6A55C4D76E0',10007304,'2023-02-06 12:19:42'),('192.168.167.189','C0C028640532BC533851CD7815BDF89C',10007308,'2023-01-23 17:10:47'),('192.168.167.189','C19A2518F6323C61FC6F84A63720D5ED',10007304,'2023-01-11 11:47:20'),('192.168.167.189','C1DC935342E3CDC8E272B4B6F3311B70',10007304,'2023-03-01 17:19:24'),('192.168.167.189','C1F275A371AA676AC13D3CBE9D32329B',10007304,'2022-12-20 18:35:26'),('192.168.167.189','C3B907B240921A420B863460CBA730C4',10007304,'2023-02-21 10:38:32'),('192.168.167.189','C4CB9653BF2A2DAD8A201545D8A21E99',10007304,'2023-01-05 12:12:30'),('192.168.167.189','C517AA6C1A35AB99898171576444AFF1',10007304,'2022-12-24 14:33:45'),('192.168.167.189','C538FC4C69DED20D6AB6CE47208AC727',10007304,'2023-01-28 11:44:30'),('192.168.167.189','C547F17EF44CDA65B83A1DC88958763D',10007304,'2022-12-19 16:35:21'),('192.168.167.189','C6AC20CA09D1F54E41C4B6322374DBE8',10007304,'2022-12-30 10:12:35'),('192.168.167.189','C6C6613D936894976ADEDE4B985158F0',10007304,'2023-02-21 12:16:20'),('192.168.167.189','C8D090CFDF465C9C4161FA0F601B7E7A',10007304,'2023-02-21 09:59:09'),('192.168.167.189','CC5228FAA5EA7AAC19702CB4C87B0417',10007304,'2023-02-17 11:24:07'),('192.168.167.189','CC6622D28C5411C5DFE4C68765E6413F',10007304,'2023-02-21 17:54:21'),('192.168.167.189','CCB132F8982CFD3F733D139DF3CB2B33',10007304,'2023-01-24 17:30:17'),('192.168.167.189','CD8A0D2A8B17C3751FBD49F3AED7A2D1',10007304,'2023-01-05 12:49:57'),('192.168.167.189','CD95D6F2C787F526A79C6F045DD71A0E',10007304,'2023-02-28 09:36:02'),('192.168.167.189','CDFA5330A215B53AE5CC179EC1DC974A',10007304,'2023-01-12 11:14:31'),('192.168.167.189','CE568F69CDDA5B8B568AC896EC933D2E',10007304,'2023-01-03 09:47:43'),('192.168.167.189','CF548E39CFD61CCBD2304EA7B1C36632',10007304,'2023-01-24 17:27:18'),('192.168.167.189','CF97B42FB92CEFCC709F32072FC1E24B',10007304,'2023-01-05 10:26:15'),('192.168.167.189','CFEA534CDAF3EAD83659C8C4EC8E206B',10007304,'2022-12-27 14:40:19'),('192.168.167.189','D0025BCC4A6D8ED2959FC981B3682B6B',10007304,'2023-02-21 13:34:48'),('192.168.167.189','D07C13C5AED43756D1ACC28825E065E7',10007304,'2023-01-23 12:06:52'),('192.168.167.189','D12F48853CB05C29FD5B954ADF03AC9B',10007304,'2022-12-26 09:41:01'),('192.168.167.189','D1592AE54D7972CB4499119E2D9C4367',10007304,'2022-12-22 10:32:10'),('192.168.167.189','D1A2C699CC01539B5F14836E5FFA03BE',10007304,'2023-01-24 16:59:53'),('192.168.167.189','D1C4804B698E3D6FEBFDB5B3818249A6',10007304,'2023-01-24 17:42:17'),('192.168.167.189','D1FE6086FE4445D934301DE2FC8E3C55',10007304,'2022-12-24 15:15:13'),('192.168.167.189','D482729AC3151D83917DC0F87F777BDA',10007304,'2023-02-06 09:40:01'),('192.168.167.189','D4C7C07CFD39595F7C23CA46E9BFB0C7',10007304,'2023-01-23 17:17:17'),('192.168.167.189','D4E0C053D20A415F12E470CEAF123A84',10007304,'2023-02-22 09:47:50'),('192.168.167.189','D5D8D5EEB33FC3064756F943DD95D7D3',10007304,'2023-03-02 18:02:24'),('192.168.167.189','D65F556DAC4272525CCF65259353092C',10007304,'2023-01-05 15:11:28'),('192.168.167.189','D678C2EDA6722CF2A659D2E94361550B',10007304,'2023-01-14 12:08:25'),('192.168.167.189','D681A72CFCBD12D173592D5FEF93CCE9',10007304,'2023-03-01 15:05:39'),('192.168.167.189','D777EA3F44EBF66A915075A673AB8A67',10007304,'2023-01-24 12:02:07'),('192.168.167.189','D78976F1AC81384441384C2D8F6296F9',10007304,'2023-02-16 17:41:22'),('192.168.167.189','D7FFC91E572A82116007CE9DB419B21C',10007304,'2023-01-27 14:23:34'),('192.168.167.189','D8ACA9DFD0D1CFD2A458C359195BA1FB',10007304,'2023-01-03 14:30:41'),('192.168.167.189','DA980069202A1D238FAABA5D4DCF1A19',10007304,'2023-03-02 18:21:41'),('192.168.167.189','DB2EDF5E29EA2DD3372A8B7B40044CDF',10007304,'2023-02-02 09:51:49'),('192.168.167.189','DBECAD15E72D358CE8C8A71641AAD8AF',10007304,'2023-01-24 17:43:54'),('192.168.167.189','DCFBD430E75A79235708CDF0B7DC3DFC',10007304,'2023-01-12 09:43:49'),('192.168.167.189','DDA6FAEF0A46136CBE68B312328B5FF3',10007304,'2023-02-24 15:01:09'),('192.168.167.189','DE5CD149BFE52C4C9F24050429D49B6C',10007304,'2023-02-21 18:53:20'),('192.168.167.189','DF2E7606AECBE043FE0319958F77FEF7',10007304,'2023-03-02 09:25:17'),('192.168.167.189','DF8E2C37791B72B5EA32E2C7991EA090',10007304,'2023-02-06 18:46:52'),('192.168.167.189','E09225662900B95C26EBF1AD56DC55DC',10007304,'2023-01-11 12:06:28'),('192.168.167.189','E2660CC425A96F088324E245368AB367',10007304,'2023-03-01 18:44:31'),('192.168.167.189','E348FF9CB68F8A52DA1FD7B80E5A64DF',10007304,'2022-12-30 16:02:46'),('192.168.167.189','E4959646223454EC3909E88D437D089B',10007304,'2022-12-24 11:48:49'),('192.168.167.189','E4F76A0DB129AE6D9AE2B9111A9B5677',10007304,'2022-12-22 17:25:14'),('192.168.167.189','E501102CDC2E8237DE08F30898CED2E4',10007304,'2023-01-10 10:25:40'),('192.168.167.189','E58486DDFC22F8DD06E9BF6586636203',10007304,'2023-02-21 18:24:53'),('192.168.167.189','E5BC61863681B5F1FFCF4EC95EC7B220',10007304,'2023-01-12 13:41:02'),('192.168.167.189','E6540F8DAB72824165AAE39E28598518',10007304,'2023-02-22 09:30:06'),('192.168.167.189','E788DED5C5FB8591A43203D364BE3C36',10007304,'2023-01-24 16:59:46'),('192.168.167.189','E83AAA46E2BB32A42791DF6AEC5CCDA3',10007304,'2023-02-21 16:53:04'),('192.168.167.189','E969A3C6C64E4DE7CF98113690D0F07F',10007304,'2023-02-06 12:21:23'),('192.168.167.189','E986DCD5342A62EC897D5280BFB12D10',10007304,'2023-01-24 17:00:00'),('192.168.167.189','EA2548D89564970E038992B7A616F986',10007304,'2023-02-15 14:58:10'),('192.168.167.189','EB40725D6E36C03F00373918B0676285',10007304,'2022-12-24 09:36:33'),('192.168.167.189','EB64DFC152FE2EC71224266852CB92B1',10007304,'2023-02-21 17:03:33'),('192.168.167.189','EBABAFDEA380F5AB60E5BCDF49FA51DE',10007304,'2023-01-27 13:00:44'),('192.168.167.189','EC0275847BF935616105472F48F0AC15',10007304,'2023-02-22 18:00:10'),('192.168.167.189','EC1DEFF379810E0387DF483BA4070AA1',10007304,'2023-02-16 11:13:06'),('192.168.167.189','EC2C0B557A0641D2354BBBB29392513A',10007304,'2023-02-14 10:01:46'),('192.168.167.189','EEE6FC4631CA096D595D41B151721542',10007304,'2022-12-24 14:40:05'),('192.168.167.189','F2CBB4402CEA631F403C9F59C39C2419',10007304,'2023-01-04 11:39:08'),('192.168.167.189','F2E8D9954E72C85CB7A0D57E873A6D34',10007304,'2022-12-30 09:34:40'),('192.168.167.189','F33C259DEE4097989C02C3F7A1939967',10007304,'2023-02-28 09:36:02'),('192.168.167.189','F3A36167D12607D33E09F3E1B92854DE',10007304,'2022-12-22 17:24:52'),('192.168.167.189','F3B4691A858D28FF922C5836FB8AE88B',10007304,'2023-01-03 14:07:45'),('192.168.167.189','F47D505465E1BEF672FF619B70724338',10007304,'2023-02-06 12:23:34'),('192.168.167.189','F532F4709BBC555DD1F7E256BCC6829A',10007304,'2022-12-23 09:35:05'),('192.168.167.189','F5AC9562A1823BAA9BB44C13AE5B91EA',10007304,'2023-01-30 09:45:11'),('192.168.167.189','F66173FC48D612131FE1F0A097BDA1E5',10007304,'2022-12-20 18:44:51'),('192.168.167.189','F67EEFC16F0B8F4B56A9CD3461F0EF2E',10007304,'2023-03-02 15:42:31'),('192.168.167.189','F6B99C2C19F41C927334CC7EA67FE0F3',10007304,'2023-02-04 17:16:51'),('192.168.167.189','F87DAC7276BE25923BE6CA0351A92425',10007304,'2023-01-24 09:34:15'),('192.168.167.189','F8B35180720FB9923997540B27535082',10007304,'2023-01-03 17:07:08'),('192.168.167.189','FA67227BD2949261513476D851CBFE0C',10007304,'2023-01-04 10:52:32'),('192.168.167.189','FACFB39BA64E348AA66B54A7F80ED9FF',10007304,'2022-12-29 19:45:04'),('192.168.167.189','FAED2445C58DB594A4784658B2837FC9',10007304,'2023-02-24 15:37:44'),('192.168.167.189','FB3014F77FCAF90F038670EAB5D37B0B',10007304,'2022-12-31 12:27:04'),('192.168.167.189','FB63BC9FA02C16906C5345DC43621C5E',10007304,'2023-01-02 11:09:49'),('192.168.167.189','FB73E63C3372CA13ECE56475F481F131',10007304,'2023-01-24 12:20:28'),('192.168.167.189','FC496913A010931ED3B06E63B7574F2E',10007304,'2023-02-28 18:00:21'),('192.168.167.189','FC5ED3963DDDE39D064D7B7F4FA4E30E',10007304,'2023-02-23 18:45:24'),('192.168.167.189','FC8BFD05E5E503CE28A597B6484FD829',10007304,'2023-01-24 17:42:15'),('192.168.167.189','FCA1C7CDD551B07589A13D4E2D83453A',10007304,'2023-02-14 10:03:13'),('192.168.167.189','FCF5694D7A2BF2CB1A067E02041D78DD',10007304,'2023-01-05 16:03:00'),('192.168.167.189','FCF9CFBEDC9CDF586CF25CE693425F83',10007304,'2023-01-04 17:59:34'),('192.168.167.189','FD084C5182D169E76DDD0DEB0AC648C8',10007304,'2023-01-12 14:54:41'),('192.168.167.189','FEFE9B640DDD26A0B77E2EA8B91F026C',10007304,'2023-02-20 09:31:30'),('192.168.167.189','FFDBA69FDE184695AEC3A9E10970E497',10007304,'2022-12-24 10:45:46'),('192.168.178.144','78C3D94F9E6DEFA037094BD9F53E30EE',10007312,'2023-03-01 10:29:26'),('192.168.178.144','9E7DFCF05CFA492DA0E83274EC38933C',10007312,'2023-03-01 12:24:26'),('192.168.180.144','C12A9824A5AC439ED5F52F45A39D50AB',10007312,'2023-03-02 13:08:11'),('192.168.194.33','4F6375AC8E128984F82ED1424654D655',10007304,'2023-01-05 17:02:16'),('192.168.194.33','658DA2E3D2986370A6FE5E790196F9EF',10007304,'2023-01-02 11:53:27'),('192.168.194.33','827B98907D7B466BFE039AB88E515799',10007304,'2023-01-03 12:31:04'),('192.168.194.33','F0F13E048FA8B049812D68EB5117FD67',10007304,'2023-01-10 17:05:09'),('192.168.202.144','2D19E40D9E68007ADFE7A3C2975D5872',10007312,'2023-02-25 12:47:34'),('192.168.221.144','49E44BF22D33551F0DEFF1B89C50961E',10007312,'2023-03-01 14:00:54'),('192.168.221.144','CBC5A9F3A723DD41405A2EA2646F53D3',10007312,'2023-03-01 14:02:56'),('192.168.223.144','344186ED122E4289EE68A8F2B2F9CE25',10007312,'2023-02-10 17:51:15'),('192.168.223.144','8F8D9890DFFF67A57CA29DD83520C2B9',10007312,'2023-02-10 16:26:04'),('192.168.223.144','9469BD47B1463BF20BE5C0A2D673A8F2',10007312,'2023-02-10 16:02:02'),('192.168.223.144','BDC5C89E74A171C070E19A42442EAB89',10007312,'2023-02-10 15:23:27'),('192.168.228.118','1A9BD01D73C420ED568512B16BC085DA',10007304,'2023-04-22 09:46:41'),('192.168.228.118','3EFE66E6518F0FEB41E749BE98482A35',10007304,'2023-04-21 12:23:23'),('192.168.228.118','4A843CBAA7E6242AA021202E3B87071C',10007304,'2023-04-21 11:06:41'),('192.168.228.118','D9423B615BAC3DBA396FB3CEFD366EE9',10007304,'2023-04-21 12:23:23'),('192.168.228.118','E64FB118A39223B5EFEFE35D9DE7BD21',10007304,'2023-04-21 20:29:59'),('192.168.230.144','7E39C3D17C02D014684C9ACBC3655811',10007312,'2023-02-10 12:08:39'),('192.168.236.33','D4601A3C4879944B9640BE60185928EC',10007304,'2022-12-14 18:28:06'),('192.168.241.144','0E4E862A15FC5FE778AEB48B87D3E7AA',10007312,'2023-02-06 17:33:25'),('192.168.243.144','1B7BF1C9D29C7AEC97949D8207DE9813',10007312,'2023-02-06 10:22:21'),('192.168.243.144','50CBAAE0EA02758C512F80667471C423',10007312,'2023-02-06 12:24:00'),('192.168.243.144','BF74C9D6271E81157A9C85EC3F321FDF',10007312,'2023-02-06 13:10:33'),('192.168.244.189','28B94FAFAA29F95B4F5D0EA49299A0AD',10007304,'2023-03-06 10:07:18'),('192.168.244.189','468533E27BAA60DB6D8E96DCD525D59E',10007304,'2023-03-06 15:42:06'),('192.168.244.189','B033491190F0A949279C7E2A7AE18110',10007304,'2023-03-06 17:39:54'),('192.168.244.189','E3D161767C0E9089027E57BECA086616',10007304,'2023-03-06 09:53:33'),('192.168.253.144','16D99D8DB8BAB8CC7F829784A0DB856D',10007312,'2023-03-01 16:54:21'),('192.168.253.144','731805F530E9D163AADAE5FFAAFB4D76',10007312,'2023-03-01 17:01:10'),('192.168.253.144','7C270E49180E4BFAF33EB889303199D3',10007312,'2023-02-09 11:04:48'),('192.168.253.144','7EC08707E33DB114BC6451A46BB84CCE',10007312,'2023-03-01 17:03:34'),('192.168.253.144','A207166A92539F71DB43F22B80091A19',10007312,'2023-03-01 16:19:43'),('192.168.253.144','B417547970C7C29B5782C39B3FA016D7',10007312,'2023-03-01 17:29:13'),('192.168.253.33','13DA12C5034974F0F8C3E475CD7CBC2E',10007304,'2023-02-08 10:40:52'),('192.168.253.33','168CBAA440D150D0119B188F4490FC8C',10007307,'2023-02-06 13:23:16'),('192.168.253.33','55DDA88F10DC9BB1C5E5ECE4EAC6ACE2',10007307,'2023-02-07 13:34:49'),('192.168.253.33','B2C737AA8F9AEDF146B72A9B628B0CDB',10007304,'2023-02-04 13:00:14'),('192.168.253.33','EF17EEA5BE5CF5ABD66A2C65D325AD61',10007307,'2023-02-04 14:12:51'),('192.168.254.189','04122B6F98DC36CA3D947019A048AFBA',10007304,'2022-12-17 10:45:17'),('192.168.254.189','04222CF2755E01EBF7E8ADEFF8D0C2E2',10007304,'2022-12-19 01:07:35'),('192.168.254.189','13E29D1A9D7A57DCF407B5995A4DFA2A',10007304,'2022-12-17 13:57:02'),('192.168.254.189','322F900422101BBE7DA771DE1BB3A501',10007304,'2022-12-14 18:30:37'),('192.168.254.189','3E4E36172E3F2B3115358245057D127B',10007304,'2022-12-14 18:30:38'),('192.168.254.189','44EF2DDA0FFFC030B0642188C31C73FA',10007304,'2022-12-14 18:30:38'),('192.168.254.189','46E7F184FE17077036CCC1A5D28CBF99',10007304,'2022-12-18 23:00:44'),('192.168.254.189','535BABECBD0092071EF7E58737EF417C',10007304,'2022-12-14 19:26:58'),('192.168.254.189','5B2456E9B5519611768F81B1951A9867',10007304,'2022-12-16 09:35:28'),('192.168.254.189','62B25D51FF626F39DACD68421D123F0C',10007304,'2022-12-17 12:42:47'),('192.168.254.189','6FA3B3F2F0BFCF13FABFF226322D459C',10007304,'2022-12-17 16:36:08'),('192.168.254.189','7D9036A7EB8FA50390120D77AE074D29',10007304,'2022-12-14 18:30:38'),('192.168.254.189','8502127A9304DA1998CBFC05729868F2',10007304,'2022-12-14 18:30:38'),('192.168.254.189','93ADB3D32045143B64B20426E98BDF43',10007304,'2022-12-15 09:45:01'),('192.168.254.189','B54446975373A723166BABD5C6FE120E',10007304,'2022-12-16 12:23:35'),('192.168.254.189','BD18892DC3BF02C8F9ADD3128AE52009',10007304,'2022-12-17 09:48:46'),('192.168.254.189','C0CD822E28BBFB45F6BC7A45986C9FAC',10007304,'2022-12-18 22:53:52'),('192.168.254.189','CE50C2818BE59F144FF50FB0946E0D26',10007304,'2022-12-16 14:55:09'),('192.168.254.189','D45D6C90BA2A4C475EA3C2C22CD23738',10007304,'2022-12-17 17:55:16'),('192.168.254.189','F87E9566003C15B7A3714DE2284C75CB',10007304,'2022-12-14 18:30:38'),('192.168.29.6','0A3D55EC07B91CF4E7EB9607D0D9C59E',10007312,'2023-02-20 09:27:38'),('192.168.29.6','0BF19292B9746C40A2CC393D6851D466',10007312,'2023-02-24 22:32:02'),('192.168.29.6','0DC0CE39402B019B681461F20AC3EF1D',10007312,'2023-02-17 12:23:08'),('192.168.29.6','1C577E7D97BAE9EDE8FBC17D9998BE1D',10007312,'2023-02-18 16:49:53'),('192.168.29.6','2266D9B7C318243D9CDE0CCF3BA86F3C',10007312,'2023-02-20 10:52:56'),('192.168.29.6','2A80B1BBE928BBA6C801BB05026CECDD',10007312,'2023-02-18 11:48:08'),('192.168.29.6','3B31F2A443B760B4D3E822DD76C22B27',10007312,'2023-02-19 21:40:48'),('192.168.29.6','4157BC03F3BE320E774A959431218AAB',10007312,'2023-02-16 23:04:53'),('192.168.29.6','43E858F8312BD8468EE4CD0DD6ACAD9E',10007312,'2023-02-19 22:17:47'),('192.168.29.6','49371A151D2F7DAB7D3C7507DA9D3297',10007312,'2023-02-19 22:16:26'),('192.168.29.6','4D82EA95957624F48FEF8F7E0454F2B6',10007312,'2023-02-18 12:47:24'),('192.168.29.6','4DDE4542AEA516A49F13ECB6C6C2EE81',10007312,'2023-02-17 17:13:37'),('192.168.29.6','55A86489C17B422F7488FC47FFC09CEC',10007312,'2023-02-14 17:43:31'),('192.168.29.6','67567759C5C8A56F6EC2E52F39148EA7',10007312,'2023-02-16 10:19:25'),('192.168.29.6','680A961527AF767BD21801F6AD28D440',10007312,'2023-02-23 15:40:43'),('192.168.29.6','715174D86580F41EEE895B3B0CCE4ED0',10007312,'2023-02-18 16:15:51'),('192.168.29.6','777D275CF407DF7EEDC4BD24C09E0A05',10007312,'2023-02-15 14:25:01'),('192.168.29.6','78DBEFD24B2B463C0E94CC8B2DB6FF63',10007312,'2023-02-15 12:21:30'),('192.168.29.6','79FBDD3A163D5666A2F122C20F82B4DA',10007312,'2023-02-16 18:36:32'),('192.168.29.6','7CD6BE7D97ED3E4423A5BA64F12A3596',10007312,'2023-02-20 09:45:23'),('192.168.29.6','901A7455D551947E08D53B449507C2E9',10007307,'2023-04-21 13:49:56'),('192.168.29.6','9B399CD127C72FF26B2F0807A9E549C4',10007312,'2023-02-18 15:16:22'),('192.168.29.6','9B88E62DC5B0C1107A24A71FCB2A9314',10007307,'2023-04-21 11:42:32'),('192.168.29.6','A541B47A1DA5FCA4ACECAD59B52D70C1',10007312,'2023-02-14 23:49:26'),('192.168.29.6','A55D3A978858B724706632C9B4E2B399',10007312,'2023-02-15 13:28:45'),('192.168.29.6','ABB9602854617201DC2C07181F8BB4EE',10007312,'2023-02-18 17:49:40'),('192.168.29.6','B1EA61778DFAE3585EEBBD8E8072F998',10007312,'2023-02-20 10:29:26'),('192.168.29.6','B436F4698FCAAF9C35F145ABCFB9CB26',10007312,'2023-02-22 18:17:12'),('192.168.29.6','BCBA8E2C4223FC41B3BFE24AD6EDA9A8',10007312,'2023-02-18 17:11:14'),('192.168.29.6','CC8137F49513D395AA0F9EB7B4B38E12',10007312,'2023-02-18 17:14:57'),('192.168.29.6','CD695123F470556E8F68B544CE3DA129',10007312,'2023-02-15 16:49:13'),('192.168.29.6','ECF1BAE4E0235E8F6DBEEA1809D50E7A',10007312,'2023-02-16 17:43:29'),('192.168.29.6','EF2B6E4A72612120B6E34D1DF5FB6B26',10007312,'2023-02-15 15:59:07'),('192.168.29.6','F0EEAC036D4725BEDF287BA64E7810BC',10007312,'2023-02-22 17:02:12'),('192.168.29.6','F65119A254725AE65AC42B4C337E57B9',10007312,'2023-02-14 18:34:04'),('192.168.29.6','FB4A13122F02CF52DC7C8F7D399F3C97',10007312,'2023-02-18 18:30:19'),('192.168.31.144','7CA02D7BCD5E298D38006496D069316D',10007312,'2023-02-27 12:02:17'),('192.168.31.33','5D44DADE37BC20627DE6C4AB393CC33F',10007307,'2023-02-17 11:20:17'),('192.168.38.33','DFCA9A302928769171716AC9145787DD',10007304,'2023-01-14 17:11:06'),('192.168.39.144','8A42BB7652489642077E3643F820B62F',10007312,'2023-02-01 10:21:14'),('192.168.43.174','3EBAE8D7A946E39CFBCECF7B22BDB6B2',10007304,'2023-02-28 22:14:43'),('192.168.43.6','2ED44F6CD0E2CCB9874493D21413BFB4',10007312,'2023-01-31 12:55:51'),('192.168.43.6','8AED3CCC33EBEF7CFFFE79983E36C6D6',10007312,'2023-01-31 13:01:48'),('192.168.43.6','95255F539A9572DB9EEC6541D4381106',10007312,'2023-01-31 13:07:32'),('192.168.43.6','B51CFBE1B27ACC2A67FF955C981C79A5',10007312,'2023-03-01 13:06:40'),('192.168.43.7','04E4F89E1B5C92180B6B3330D12342F1',10007304,'2023-01-13 18:14:51'),('192.168.43.7','70D5F7818B82E4E557EF7CE0CAF5D6D9',10007304,'2023-01-13 18:14:53'),('192.168.43.82','1574E9DF24606BE8BF220E4A5ABBE0A0',10007304,'2023-02-03 10:21:23'),('192.168.43.82','23DA70D354A4B1A1547991AAF8AA9BA4',10007304,'2023-02-03 09:50:21'),('192.168.43.82','2BF735C734AA56EDF4A0790B7D377EE2',10007304,'2023-01-31 15:09:19'),('192.168.43.82','2CDEF5BC4EFF9E17B73D7491605BAF7E',10007304,'2023-01-25 16:57:55'),('192.168.43.82','35E49CA36014797BEC77D389D9CDB7BD',10007304,'2023-01-30 17:43:52'),('192.168.43.82','399C9AAD90960C8A8325FA3A25DE78ED',10007304,'2023-01-27 17:03:04'),('192.168.43.82','3D2962153097C9C88B6E18608BFF320D',10007304,'2023-02-01 09:41:19'),('192.168.43.82','55D64F3C317F8DED5B2938A8F70235B4',10007304,'2023-01-24 10:02:07'),('192.168.43.82','57A593B8CF50969E3E902EE5CBEEF01F',10007304,'2023-01-31 10:06:34'),('192.168.43.82','7C13F20A58C179742C2BE5DFA81990BD',10007304,'2023-01-30 18:00:12'),('192.168.43.82','7D5002FEA2662C6E53261040B79125E8',10007304,'2023-02-02 09:48:43'),('192.168.43.82','D80ADAE96DB095A612D26D1AA1B10BA9',10007304,'2023-01-27 17:28:39'),('192.168.43.82','E4405C719440D9743CB828680E26BDA9',10007304,'2023-01-24 16:40:19'),('192.168.43.82','E7647A8502157937F025F8C6D7B8795E',10007304,'2023-01-25 09:42:31'),('192.168.43.82','FEE8E0870070BEF7DFE1BF77A03CB8AA',10007304,'2023-02-01 14:59:32'),('192.168.45.144','0196A890A4416717CB04CABF3A482B40',10007312,'2023-01-31 13:40:20'),('192.168.47.144','CF305229D4662432B1F9A10793BCB65D',10007312,'2023-03-06 09:42:49'),('192.168.59.144','7F8B20D82EF2BA09AACED7F1EE417E1C',10007312,'2023-03-05 18:34:27'),('192.168.64.33','104314AE6FA696610708DF789E8D866B',10007304,'2023-04-18 00:19:09'),('192.168.64.33','1D45ABA5C7FAA87D8799A6A628F394CB',10007304,'2023-04-18 11:42:12'),('192.168.64.33','40139763B588E80151D13E00F04D3B54',10007304,'2023-04-17 23:55:49'),('192.168.64.33','4AE3BD2D62C1F00B68B35B76B3AD6322',10007304,'2023-04-18 12:07:07'),('192.168.64.33','79A700514FE1F14A88BA4A64D4E3E01F',10007304,'2023-04-18 11:27:32'),('192.168.64.33','86FD7C2D6E88D2B587DAB0F583E7842E',10007304,'2023-04-18 16:07:42'),('192.168.64.33','C18C5EF42D3E7BCBA9246BB6D4F9DECE',10007304,'2023-04-18 12:01:48'),('192.168.64.33','CCBABCCE68CCBD3D62867491EC0273BE',10007304,'2023-04-18 15:28:54'),('192.168.64.33','DD88CAA3DB6B42179275FBC5BEF64165',10007304,'2023-04-18 15:26:32'),('192.168.64.33','F6193521096384CFB7C612F8686DFA8C',10007304,'2023-04-17 23:54:51'),('192.168.76.13','4ABC95ECBAECBE244AC5FCE9C5B6BCFB',10007304,'2023-02-02 14:06:13'),('192.168.76.13','6E33F48254348A6AAB432CC05C7BF56B',10007304,'2023-02-01 10:52:04'),('192.168.76.13','C43D83EDE88DDF52F2450C0B2D8AA768',10007304,'2023-01-30 22:09:22'),('192.168.78.144','7A8CAF355FA7E9183554AA952D146444',10007312,'2023-03-04 13:01:42'),('192.168.78.144','CCFE8980EBC7637D98834AC4733C448E',10007312,'2023-03-04 13:59:24'),('192.168.83.144','66AB54BEE27BFB058BA6FD1DC563B878',10007312,'2023-01-31 12:30:07'),('192.168.83.144','EEC9B6DBF7256D79178FC06830611EEC',10007312,'2023-01-31 12:25:04'),('192.168.85.33','86A19A7E871FCC5C464C1AE588B27485',10007304,'2023-01-24 12:56:36'),('192.168.88.2','03E586DB2EACFDF4C5C030614A8AC294',10007304,'2023-02-06 17:13:15'),('192.168.88.2','08F6E1B80811C64B2AAAB00CA14A04DD',10007304,'2023-02-08 10:09:24'),('192.168.88.2','0B30072518BDC0E2537DDC55F205BD42',10007304,'2023-02-07 13:21:26'),('192.168.88.2','45776CD76D50E4F1DEA99E9C5E0EF01F',10007304,'2023-02-08 10:44:29'),('192.168.88.2','49F2044ED562398EE0C532925CCE9C2D',10007304,'2023-02-04 01:54:26'),('192.168.88.2','4E4910FE050DF3A28FFD6F74391903C6',10007304,'2023-02-06 18:47:46'),('192.168.88.2','6B52033EEDF2B23122CD9B6C9E8D479B',10007304,'2023-02-07 15:53:43'),('192.168.88.2','B1AC8EC418365614936193BAA4BA669D',10007304,'2023-02-04 12:36:34'),('192.168.88.2','F5E96D74301143596352504DC7571FAB',10007304,'2023-02-06 18:07:16'),('192.168.92.144','5ABD8FF70ED112BA6816DE907E10A7FC',10007312,'2023-02-09 15:25:16'),('192.168.92.144','A3753F90A67068952E4986C6DD2C5590',10007312,'2023-02-09 13:48:22'),('192.168.92.144','CAC3F93DBC7F4503A67036FD28E6093B',10007312,'2023-02-09 18:29:52'),('192.168.95.121','C8D680FF30143A68ED79E97FE69D565D',10007304,'2023-04-22 10:51:10'),('210.16.92.0','796FC928BBDA0F4EC19324D211ACC32A',10007304,'2023-04-18 13:58:42'),('210.16.92.0','DA6469F51FBFA5A93F6DE9485B3ABFF8',10007304,'2023-04-19 06:08:14'),('49.248.197.50','219DE66BCBE7B30CCEB26BFDEEC949E6',10007304,'2023-04-20 12:28:36'),('49.248.197.50','AE7A5DF9E2B2CCEF09A5557583963F32',10007304,'2023-04-21 08:40:42'),('49.37.117.176','AE4F0C383248D61BC414CBA1F7DB26F4',10007304,'2023-04-19 06:08:27');
/*!40000 ALTER TABLE `sec_user_sessions` ENABLE KEYS */;
UNLOCK TABLES;

--
-- Table structure for table `sec_users`
--

DROP TABLE IF EXISTS `sec_users`;
/*!40101 SET @saved_cs_client     = @@character_set_client */;
/*!50503 SET character_set_client = utf8mb4 */;
CREATE TABLE `sec_users` (
  `user_id` bigint NOT NULL,
  `is_complete` bit(1) NOT NULL,
  `about` varchar(255) DEFAULT NULL,
  `access_duration` bigint DEFAULT NULL,
  `change_passw` varchar(255) DEFAULT NULL,
  `checknumber` bigint DEFAULT NULL,
  `country` varchar(255) DEFAULT NULL,
  `createby` varchar(255) DEFAULT NULL,
  `createdate` datetime DEFAULT NULL,
  `customer_id` bigint DEFAULT NULL,
  `days_mth` varchar(255) DEFAULT NULL,
  `dep_string` varchar(255) DEFAULT NULL,
  `email` varchar(255) DEFAULT NULL,
  `expiry_date` datetime DEFAULT NULL,
  `first_login` varchar(255) DEFAULT NULL,
  `full_name` varchar(255) DEFAULT NULL,
  `is_blocked` bit(1) NOT NULL,
  `lang_code` varchar(255) DEFAULT NULL,
  `last_pwd_changed_date` datetime DEFAULT NULL,
  `mob_no` bigint DEFAULT NULL,
  `no_days_mth` bigint DEFAULT NULL,
  `notification` varchar(255) DEFAULT NULL,
  `password1` varchar(255) DEFAULT NULL,
  `password2` varchar(255) DEFAULT NULL,
  `password3` varchar(255) DEFAULT NULL,
  `password4` varchar(255) DEFAULT NULL,
  `photo` longblob,
  `photo_name` varchar(255) DEFAULT NULL,
  `provider` varchar(255) DEFAULT NULL,
  `pwd_changed_cnt` bigint DEFAULT NULL,
  `random_no` varchar(255) DEFAULT NULL,
  `short_name` varchar(255) DEFAULT NULL,
  `status` varchar(255) DEFAULT NULL,
  `title` varchar(255) DEFAULT NULL,
  `updateby` varchar(255) DEFAULT NULL,
  `updatedate` datetime DEFAULT NULL,
  `user_passw` varchar(255) DEFAULT NULL,
  `user_name` varchar(255) DEFAULT NULL,
  `usr_grp_id` bigint DEFAULT NULL,
  `working` varchar(255) DEFAULT NULL,
  `account_id` bigint DEFAULT NULL,
  `department_code` varchar(255) DEFAULT NULL,
  `position_code` varchar(255) DEFAULT NULL,
  `usr_grp` bigint DEFAULT NULL,
  PRIMARY KEY (`user_id`),
  UNIQUE KEY `UK_fw34bx9q2ss6bto160uppxg9t` (`user_name`),
  KEY `FKs6u4j3tx3oafeuph5ou29qwd9` (`account_id`),
  KEY `FK755v9w0tyoeq5v61egs6jsvv8` (`department_code`),
  KEY `FKnuiei3fcu2t6k16v1dthw5bvh` (`position_code`),
  KEY `FKl26vrpflaga4edp953i7c7i7` (`usr_grp`),
  CONSTRAINT `FK755v9w0tyoeq5v61egs6jsvv8` FOREIGN KEY (`department_code`) REFERENCES `department` (`department_code`),
  CONSTRAINT `FKl26vrpflaga4edp953i7c7i7` FOREIGN KEY (`usr_grp`) REFERENCES `sec_user_group` (`usr_grp`),
  CONSTRAINT `FKnuiei3fcu2t6k16v1dthw5bvh` FOREIGN KEY (`position_code`) REFERENCES `position` (`position_code`),
  CONSTRAINT `FKs6u4j3tx3oafeuph5ou29qwd9` FOREIGN KEY (`account_id`) REFERENCES `sys_accounts` (`id`)
) ENGINE=InnoDB DEFAULT CHARSET=utf8mb4 COLLATE=utf8mb4_0900_ai_ci;
/*!40101 SET character_set_client = @saved_cs_client */;

--
-- Dumping data for table `sec_users`
--

LOCK TABLES `sec_users` WRITE;
/*!40000 ALTER TABLE `sec_users` DISABLE KEYS */;
INSERT INTO `sec_users` VALUES (10007304,_binary '',NULL,NULL,'test',NULL,NULL,NULL,NULL,NULL,NULL,NULL,'admin',NULL,NULL,'admin',_binary '\0',NULL,NULL,123,NULL,NULL,NULL,NULL,NULL,NULL,NULL,NULL,NULL,NULL,NULL,NULL,NULL,NULL,NULL,NULL,'$2a$10$Z/qB46BXJC.15psWvLA6wuRsKhnDyHgHNLzOs9tlE70AnCZTjo4IW','admin123',1,NULL,1,NULL,NULL,1),(10007307,_binary '',NULL,NULL,'test3',NULL,NULL,NULL,NULL,NULL,NULL,NULL,'sysadmin',NULL,NULL,'piya khose',_binary '\0',NULL,NULL,76756765,NULL,NULL,NULL,NULL,NULL,NULL,NULL,NULL,NULL,NULL,NULL,NULL,NULL,NULL,NULL,NULL,'$2a$10$y0hwswpMqYRtlMJoNzpYBe45VDI8SQX/4K4OjzKYX9NHmN1HPZmIu','sysadmin',NULL,NULL,1,NULL,NULL,1),(10007308,_binary '',NULL,NULL,'test5',NULL,NULL,NULL,NULL,NULL,NULL,NULL,'sysadmin',NULL,NULL,'siya jfhjd',_binary '\0',NULL,NULL,7654645784,NULL,NULL,NULL,NULL,NULL,NULL,NULL,NULL,NULL,NULL,NULL,NULL,NULL,NULL,NULL,NULL,'$2a$10$CBo5GAvkdD6p/rUmUDcd6uRVLEyw104hl3RJ72KfU6uDiwGZG/itu','siya@gmail.com',NULL,NULL,1,NULL,NULL,1),(10007311,_binary '',NULL,NULL,'ash1',NULL,NULL,NULL,NULL,NULL,NULL,NULL,'ash@gmail.com',NULL,NULL,'ash1 ka',_binary '\0',NULL,NULL,7649345683,NULL,NULL,NULL,NULL,NULL,NULL,NULL,NULL,NULL,NULL,NULL,NULL,NULL,NULL,NULL,NULL,'$2a$10$7C48mZGQwGEtY.6UzyABA.D1CB3Tj75DChkEYhrWrLMihyfit6bLG','ash@gmail.com',NULL,NULL,1,NULL,NULL,1),(10007312,_binary '',NULL,NULL,'gaurav',NULL,NULL,NULL,NULL,NULL,NULL,NULL,'gaurav@gmail.com',NULL,NULL,'gaurav kumar',_binary '\0',NULL,NULL,9856875635,NULL,NULL,NULL,NULL,NULL,NULL,NULL,NULL,NULL,NULL,NULL,NULL,NULL,NULL,NULL,NULL,'$2a$10$WmNZeqBaDJJu0KaIFc01g.tVuIDe5XXFvKY.MrI1PYSIfwf/PqeJq','gaurav@gmail.com',NULL,NULL,1,NULL,NULL,1),(10007316,_binary '',NULL,NULL,'ashwini',NULL,NULL,NULL,NULL,NULL,NULL,NULL,'ashwini@gmail.com',NULL,NULL,'ashwini kad',_binary '\0',NULL,NULL,8796456785,NULL,NULL,NULL,NULL,NULL,NULL,NULL,NULL,NULL,NULL,NULL,NULL,NULL,NULL,NULL,NULL,'$2a$10$T0kd.0Z3a3I7IZwgRN65RO7EJWLmNT2CFuXN7aPojXq/GVYsC0152','ashwini@gmail.com',NULL,NULL,1,NULL,NULL,1);
/*!40000 ALTER TABLE `sec_users` ENABLE KEYS */;
UNLOCK TABLES;

--
-- Table structure for table `sec_users_sequencs`
--

DROP TABLE IF EXISTS `sec_users_sequencs`;
/*!40101 SET @saved_cs_client     = @@character_set_client */;
/*!50503 SET character_set_client = utf8mb4 */;
CREATE TABLE `sec_users_sequencs` (
  `next_val` bigint DEFAULT NULL
) ENGINE=InnoDB DEFAULT CHARSET=utf8mb4 COLLATE=utf8mb4_0900_ai_ci;
/*!40101 SET character_set_client = @saved_cs_client */;

--
-- Dumping data for table `sec_users_sequencs`
--

LOCK TABLES `sec_users_sequencs` WRITE;
/*!40000 ALTER TABLE `sec_users_sequencs` DISABLE KEYS */;
INSERT INTO `sec_users_sequencs` VALUES (10007317),(10007300),(10007300),(10007300),(10007300),(10007300);
/*!40000 ALTER TABLE `sec_users_sequencs` ENABLE KEYS */;
UNLOCK TABLES;

--
-- Table structure for table `secuser_roles`
--

DROP TABLE IF EXISTS `secuser_roles`;
/*!40101 SET @saved_cs_client     = @@character_set_client */;
/*!50503 SET character_set_client = utf8mb4 */;
CREATE TABLE `secuser_roles` (
  `secuser_id` bigint NOT NULL,
  `role_id` bigint NOT NULL,
  PRIMARY KEY (`secuser_id`,`role_id`),
  KEY `FKqori0nm574l1ipruo5f47crex` (`role_id`),
  CONSTRAINT `FK321c4ykolkm3cy98bxmf4kn05` FOREIGN KEY (`secuser_id`) REFERENCES `sec_users` (`user_id`),
  CONSTRAINT `FKqori0nm574l1ipruo5f47crex` FOREIGN KEY (`role_id`) REFERENCES `role` (`id`)
) ENGINE=InnoDB DEFAULT CHARSET=utf8mb4 COLLATE=utf8mb4_0900_ai_ci;
/*!40101 SET character_set_client = @saved_cs_client */;

--
-- Dumping data for table `secuser_roles`
--

LOCK TABLES `secuser_roles` WRITE;
/*!40000 ALTER TABLE `secuser_roles` DISABLE KEYS */;
INSERT INTO `secuser_roles` VALUES (10007304,1),(10007307,1),(10007308,1),(10007311,1),(10007316,1);
/*!40000 ALTER TABLE `secuser_roles` ENABLE KEYS */;
UNLOCK TABLES;

--
-- Table structure for table `sys_accounts`
--

DROP TABLE IF EXISTS `sys_accounts`;
/*!40101 SET @saved_cs_client     = @@character_set_client */;
/*!50503 SET character_set_client = utf8mb4 */;
CREATE TABLE `sys_accounts` (
  `id` bigint NOT NULL AUTO_INCREMENT,
  `company_name` varchar(255) DEFAULT NULL,
  `email` varchar(255) DEFAULT NULL,
  `gst_no` varchar(255) DEFAULT NULL,
  `mobile` varchar(255) DEFAULT NULL,
  `pancard` varchar(255) DEFAULT NULL,
  `working` varchar(255) DEFAULT NULL,
  `workspace` varchar(255) DEFAULT NULL,
  PRIMARY KEY (`id`)
) ENGINE=InnoDB AUTO_INCREMENT=2 DEFAULT CHARSET=utf8mb4 COLLATE=utf8mb4_0900_ai_ci;
/*!40101 SET character_set_client = @saved_cs_client */;

--
-- Dumping data for table `sys_accounts`
--

LOCK TABLES `sys_accounts` WRITE;
/*!40000 ALTER TABLE `sys_accounts` DISABLE KEYS */;
INSERT INTO `sys_accounts` VALUES (1,NULL,NULL,NULL,NULL,NULL,NULL,NULL);
/*!40000 ALTER TABLE `sys_accounts` ENABLE KEYS */;
UNLOCK TABLES;

--
-- Table structure for table `sys_accounts_users`
--

DROP TABLE IF EXISTS `sys_accounts_users`;
/*!40101 SET @saved_cs_client     = @@character_set_client */;
/*!50503 SET character_set_client = utf8mb4 */;
CREATE TABLE `sys_accounts_users` (
  `sys_accounts_id` bigint NOT NULL,
  `users_user_id` bigint NOT NULL,
  UNIQUE KEY `UK_8dxppqkque5ehofdy83bntgks` (`users_user_id`),
  KEY `FKs9o1t4hyiyq2y330p0d2evf2a` (`sys_accounts_id`),
  CONSTRAINT `FKdkc60wy8v55ylspegueinngjx` FOREIGN KEY (`users_user_id`) REFERENCES `sec_users` (`user_id`),
  CONSTRAINT `FKs9o1t4hyiyq2y330p0d2evf2a` FOREIGN KEY (`sys_accounts_id`) REFERENCES `sys_accounts` (`id`)
) ENGINE=InnoDB DEFAULT CHARSET=utf8mb4 COLLATE=utf8mb4_0900_ai_ci;
/*!40101 SET character_set_client = @saved_cs_client */;

--
-- Dumping data for table `sys_accounts_users`
--

LOCK TABLES `sys_accounts_users` WRITE;
/*!40000 ALTER TABLE `sys_accounts_users` DISABLE KEYS */;
/*!40000 ALTER TABLE `sys_accounts_users` ENABLE KEYS */;
UNLOCK TABLES;

--
-- Table structure for table `user_list`
--

DROP TABLE IF EXISTS `user_list`;
/*!40101 SET @saved_cs_client     = @@character_set_client */;
/*!50503 SET character_set_client = utf8mb4 */;
CREATE TABLE `user_list` (
  `id` bigint NOT NULL,
  `about` varchar(255) DEFAULT NULL,
  `account_id` varchar(255) DEFAULT NULL,
  `address1` varchar(255) DEFAULT NULL,
  `address2` varchar(255) DEFAULT NULL,
  `checknumber` varchar(255) DEFAULT NULL,
  `company` varchar(255) DEFAULT NULL,
  `country` varchar(255) DEFAULT NULL,
  `created_at` varchar(255) DEFAULT NULL,
  `created_by` varchar(255) DEFAULT NULL,
  `default_customer_id` varchar(255) DEFAULT NULL,
  `department` varchar(255) DEFAULT NULL,
  `dob` varchar(255) DEFAULT NULL,
  `email` varchar(255) DEFAULT NULL,
  `enable_beta_testing` bit(1) NOT NULL,
  `enable_renewal` bit(1) NOT NULL,
  `firstname` varchar(255) DEFAULT NULL,
  `fullname` varchar(255) DEFAULT NULL,
  `gender` varchar(255) DEFAULT NULL,
  `is_active` bit(1) NOT NULL,
  `is_blocked` bit(1) NOT NULL,
  `lastname` varchar(255) DEFAULT NULL,
  `managing_work` varchar(255) DEFAULT NULL,
  `menu_group` int NOT NULL,
  `name` varchar(255) DEFAULT NULL,
  `other_roles` varchar(255) DEFAULT NULL,
  `pancard` varchar(255) DEFAULT NULL,
  `password` varchar(255) DEFAULT NULL,
  `phone` varchar(255) DEFAULT NULL,
  `photos` varchar(255) DEFAULT NULL,
  `postal` varchar(255) DEFAULT NULL,
  `role` varchar(255) DEFAULT NULL,
  `secret_answer` varchar(255) DEFAULT NULL,
  `secret_question` varchar(255) DEFAULT NULL,
  `security_provider_id` varchar(255) DEFAULT NULL,
  `status` varchar(255) DEFAULT NULL,
  `updated_at` varchar(255) DEFAULT NULL,
  `updated_by` varchar(255) DEFAULT NULL,
  `user_id` varchar(255) DEFAULT NULL,
  `username` varchar(255) DEFAULT NULL,
  `working` varchar(255) DEFAULT NULL,
  PRIMARY KEY (`id`)
) ENGINE=InnoDB DEFAULT CHARSET=utf8mb4 COLLATE=utf8mb4_0900_ai_ci;
/*!40101 SET character_set_client = @saved_cs_client */;

--
-- Dumping data for table `user_list`
--

LOCK TABLES `user_list` WRITE;
/*!40000 ALTER TABLE `user_list` DISABLE KEYS */;
/*!40000 ALTER TABLE `user_list` ENABLE KEYS */;
UNLOCK TABLES;

--
-- Table structure for table `userloginhist`
--

DROP TABLE IF EXISTS `userloginhist`;
/*!40101 SET @saved_cs_client     = @@character_set_client */;
/*!50503 SET character_set_client = utf8mb4 */;
CREATE TABLE `userloginhist` (
  `create_by` varchar(255) DEFAULT NULL,
  `create_date` datetime DEFAULT NULL,
  `expiry_reminder` bigint DEFAULT NULL,
  `last_login_date` datetime DEFAULT NULL,
  `last_password_chg_date` datetime DEFAULT NULL,
  `last_password_fail_no` bigint DEFAULT NULL,
  `update_by` varchar(255) DEFAULT NULL,
  `update_date` datetime DEFAULT NULL,
  `user_id` bigint NOT NULL,
  PRIMARY KEY (`user_id`),
  CONSTRAINT `FK2a2xifc15js82mjl20honhdfr` FOREIGN KEY (`user_id`) REFERENCES `sec_users` (`user_id`)
) ENGINE=InnoDB DEFAULT CHARSET=utf8mb4 COLLATE=utf8mb4_0900_ai_ci;
/*!40101 SET character_set_client = @saved_cs_client */;

--
-- Dumping data for table `userloginhist`
--

LOCK TABLES `userloginhist` WRITE;
/*!40000 ALTER TABLE `userloginhist` DISABLE KEYS */;
/*!40000 ALTER TABLE `userloginhist` ENABLE KEYS */;
UNLOCK TABLES;

--
-- Table structure for table `userpasswlog`
--

DROP TABLE IF EXISTS `userpasswlog`;
/*!40101 SET @saved_cs_client     = @@character_set_client */;
/*!50503 SET character_set_client = utf8mb4 */;
CREATE TABLE `userpasswlog` (
  `create_date` datetime NOT NULL,
  `user_id` bigint NOT NULL,
  `user_passw` varchar(255) NOT NULL,
  `create_by` varchar(255) DEFAULT NULL,
  `update_by` varchar(255) DEFAULT NULL,
  `update_date` datetime DEFAULT NULL,
  PRIMARY KEY (`create_date`,`user_id`,`user_passw`),
  KEY `FKpd759n25auh4bw5ri0xikikia` (`user_id`),
  CONSTRAINT `FKpd759n25auh4bw5ri0xikikia` FOREIGN KEY (`user_id`) REFERENCES `sec_users` (`user_id`)
) ENGINE=InnoDB DEFAULT CHARSET=utf8mb4 COLLATE=utf8mb4_0900_ai_ci;
/*!40101 SET character_set_client = @saved_cs_client */;

--
-- Dumping data for table `userpasswlog`
--

LOCK TABLES `userpasswlog` WRITE;
/*!40000 ALTER TABLE `userpasswlog` DISABLE KEYS */;
/*!40000 ALTER TABLE `userpasswlog` ENABLE KEYS */;
UNLOCK TABLES;
SET @@SESSION.SQL_LOG_BIN = @MYSQLDUMP_TEMP_LOG_BIN;
/*!40103 SET TIME_ZONE=@OLD_TIME_ZONE */;

/*!40101 SET SQL_MODE=@OLD_SQL_MODE */;
/*!40014 SET FOREIGN_KEY_CHECKS=@OLD_FOREIGN_KEY_CHECKS */;
/*!40014 SET UNIQUE_CHECKS=@OLD_UNIQUE_CHECKS */;
/*!40101 SET CHARACTER_SET_CLIENT=@OLD_CHARACTER_SET_CLIENT */;
/*!40101 SET CHARACTER_SET_RESULTS=@OLD_CHARACTER_SET_RESULTS */;
/*!40101 SET COLLATION_CONNECTION=@OLD_COLLATION_CONNECTION */;
/*!40111 SET SQL_NOTES=@OLD_SQL_NOTES */;

-- Dump completed on 2023-04-22 18:52:13
